Level,Date,Hour,HomeTeam,AwayTeam,FTHG,FTAG,FTR,HTHG,HTAG,HTR,Referee,HS,AS,HST,AST,HF,AF,HC,AC,HY,AY,HR,AR,B365H,B365D,B365A
PRM,10.08.2019,12:30,West Ham,Man City,0,5,A,0,1,A,M Dean,5,14,3,9,6,13,1,1,2,2,0,0,12.0,6.5,1.22
PRM,10.08.2019,15:00,Bournemouth,Sheffield United,1,1,D,0,0,D,K Friend,13,8,3,3,10,19,3,4,2,1,0,0,1.95,3.6,3.6
PRM,10.08.2019,15:00,Burnley,Southampton,3,0,H,0,0,D,G Scott,10,11,4,3,6,12,2,7,0,0,0,0,2.62,3.2,2.75
PRM,10.08.2019,15:00,Crystal Palace,Everton,0,0,D,0,0,D,J Moss,6,10,2,3,16,14,6,2,2,1,0,1,3.0,3.25,2.37
PRM,10.08.2019,17:30,Tottenham,Aston Villa,3,1,H,0,1,A,C Kavanagh,31,7,7,4,13,9,14,0,1,0,0,0,1.3,5.25,10.0
PRM,11.08.2019,14:00,Leicester,Wolves,0,0,D,0,0,D,A Marriner,15,8,1,2,3,13,12,3,0,2,0,0,2.2,3.2,3.4
PRM,11.08.2019,14:00,Newcastle,Arsenal,0,1,A,0,0,D,M Atkinson,9,8,2,2,12,7,5,3,1,3,0,0,4.5,3.75,1.72
PRM,17.08.2019,12:30,Arsenal,Burnley,2,1,H,1,1,D,M Dean,16,18,9,5,13,11,10,7,2,1,0,0,1.3,5.5,10.0
PRM,17.08.2019,15:00,Aston Villa,Bournemouth,1,2,A,0,2,A,M Atkinson,22,12,7,4,10,13,10,5,0,2,0,0,2.3,3.4,3.1
PRM,17.08.2019,15:00,Everton,Watford,1,0,H,1,0,H,L Mason,12,8,2,2,11,11,4,7,2,3,0,0,1.72,3.8,4.75
PRM,17.08.2019,15:00,Southampton,Liverpool,1,2,A,0,1,A,A Marriner,14,15,3,6,10,6,5,9,2,1,0,0,6.5,4.75,1.44
PRM,18.08.2019,14:00,Sheffield United,Crystal Palace,1,0,H,0,0,D,D Coote,15,6,3,4,16,11,8,4,3,1,0,0,2.55,3.1,2.9
PRM,19.08.2019,20:00,Wolves,Man United,1,1,D,0,1,A,J Moss,6,9,2,2,17,8,4,6,2,2,0,0,3.3,3.3,2.25
PRM,24.08.2019,12:30,Norwich,Chelsea,2,3,A,2,2,D,M Atkinson,6,23,5,8,9,9,1,8,1,1,0,0,4.33,3.75,1.8
PRM,24.08.2019,15:00,Brighton,Southampton,0,2,A,0,0,D,K Friend,12,12,3,4,9,10,8,5,1,3,1,0,2.4,3.3,3.0
PRM,24.08.2019,15:00,Sheffield United,Leicester,1,2,A,0,1,A,A Madley,8,10,3,2,11,6,7,4,1,0,0,0,3.3,3.3,2.25
PRM,24.08.2019,15:00,Watford,West Ham,1,3,A,1,1,D,C Kavanagh,23,16,3,10,12,11,8,7,1,1,0,0,2.05,3.5,3.5
PRM,25.08.2019,14:00,Bournemouth,Man City,1,3,A,1,2,A,A Marriner,10,19,7,5,7,13,4,5,1,3,0,0,15.0,7.5,1.16
PRM,25.08.2019,16:30,Tottenham,Newcastle,0,1,A,0,1,A,M Dean,17,8,2,3,10,5,6,6,2,2,0,0,1.2,6.5,14.0
PRM,31.08.2019,12:30,Southampton,Man United,1,1,D,0,1,A,M Dean,10,21,2,8,17,7,2,3,1,2,1,0,3.8,3.3,2.05
PRM,31.08.2019,15:00,Crystal Palace,Aston Villa,1,0,H,0,0,D,K Friend,22,10,5,2,15,16,13,2,2,4,0,1,2.15,3.3,3.5
PRM,31.08.2019,15:00,Leicester,Bournemouth,3,1,H,2,1,H,P Bankes,13,8,5,2,9,11,4,5,1,3,0,0,1.7,4.0,4.75
PRM,31.08.2019,15:00,Man City,Brighton,4,0,H,2,0,H,J Moss,15,6,6,2,10,6,8,1,1,1,0,0,1.08,10.0,26.0
PRM,31.08.2019,15:00,Newcastle,Watford,1,1,D,1,1,D,G Scott,13,13,5,3,5,11,6,5,2,3,0,0,2.5,3.25,2.87
PRM,31.08.2019,17:30,Burnley,Liverpool,0,3,A,0,2,A,C Kavanagh,7,15,2,7,10,16,6,4,0,0,0,0,9.5,5.5,1.3
PRM,01.09.2019,16:30,Arsenal,Tottenham,2,2,D,1,2,A,M Atkinson,26,13,8,9,13,19,11,6,3,5,0,0,2.37,3.6,2.8
PRM,14.09.2019,12:30,Liverpool,Newcastle,3,1,H,2,1,H,A Marriner,21,8,9,1,5,4,10,1,0,0,0,0,1.14,8.5,17.0
PRM,14.09.2019,15:00,Man United,Leicester,1,0,H,1,0,H,M Atkinson,10,9,5,3,14,14,3,9,1,2,0,0,1.95,3.5,4.0
PRM,14.09.2019,15:00,Sheffield United,Southampton,0,1,A,0,0,D,L Mason,17,11,4,7,10,7,12,6,1,1,1,0,2.45,3.2,3.0
PRM,14.09.2019,15:00,Wolves,Chelsea,2,5,A,0,3,A,G Scott,11,15,4,6,8,11,7,5,1,2,0,0,2.9,3.3,2.5
PRM,14.09.2019,17:30,Norwich,Man City,3,2,H,2,1,H,K Friend,7,25,3,8,8,7,3,16,3,1,0,0,15.0,9.0,1.14
PRM,16.09.2019,20:00,Aston Villa,West Ham,0,0,D,0,0,D,M Dean,10,13,5,1,13,12,2,4,2,1,0,1,2.62,3.5,2.6
PRM,20.09.2019,20:00,Southampton,Bournemouth,1,3,A,0,2,A,C Kavanagh,25,6,6,3,8,9,4,5,1,3,0,0,2.05,3.6,3.5
PRM,21.09.2019,15:00,Burnley,Norwich,2,0,H,2,0,H,D Coote,13,11,6,2,11,10,7,3,0,1,0,0,2.0,3.8,3.5
PRM,21.09.2019,15:00,Everton,Sheffield United,0,2,A,0,1,A,S Hooper,16,2,3,1,9,9,12,3,1,3,0,0,1.61,3.75,6.0
PRM,21.09.2019,15:00,Man City,Watford,8,0,H,5,0,H,M Dean,28,5,11,4,5,9,5,4,2,2,0,0,1.1,11.0,21.0
PRM,21.09.2019,17:30,Newcastle,Brighton,0,0,D,0,0,D,M Atkinson,11,16,4,3,12,8,5,3,2,1,0,0,2.5,3.2,3.0
PRM,22.09.2019,16:30,Arsenal,Aston Villa,3,2,H,0,1,A,J Moss,21,14,6,9,13,15,9,4,5,1,1,0,1.4,4.75,8.0
PRM,28.09.2019,15:00,Aston Villa,Burnley,2,2,D,1,0,H,L Mason,16,10,3,3,10,16,7,3,1,4,0,0,2.3,3.4,3.1
PRM,28.09.2019,15:00,Chelsea,Brighton,2,0,H,0,0,D,C Kavanagh,24,8,10,1,5,13,5,2,2,3,0,0,1.4,4.75,8.0
PRM,28.09.2019,15:00,Crystal Palace,Norwich,2,0,H,1,0,H,J Moss,15,10,3,3,14,10,5,5,3,1,0,0,1.9,3.75,3.75
PRM,28.09.2019,15:00,Tottenham,Southampton,2,1,H,2,1,H,G Scott,9,14,4,6,5,16,6,6,0,2,1,0,1.4,4.75,8.0
PRM,30.09.2019,20:00,Man United,Arsenal,1,1,D,1,0,H,K Friend,16,10,4,5,18,13,8,7,4,2,0,0,2.37,3.5,2.9
PRM,05.10.2019,12:30,Brighton,Tottenham,3,0,H,2,0,H,J Moss,17,8,6,3,11,7,4,4,2,1,0,0,3.9,3.6,1.9
PRM,05.10.2019,15:00,Burnley,Everton,1,0,H,0,0,D,G Scott,9,11,3,2,5,12,7,9,2,1,0,1,2.87,3.3,2.5
PRM,05.10.2019,15:00,Liverpool,Leicester,2,1,H,1,0,H,C Kavanagh,18,2,8,1,9,17,4,6,1,4,0,0,1.44,4.75,7.0
PRM,05.10.2019,15:00,Norwich,Aston Villa,1,5,A,0,2,A,A Madley,21,22,5,12,14,17,10,6,1,3,0,0,2.37,3.6,2.8
PRM,05.10.2019,15:00,Watford,Sheffield United,0,0,D,0,0,D,A Marriner,8,9,2,3,7,6,7,7,0,2,0,0,2.05,3.4,3.6
PRM,06.10.2019,14:00,Arsenal,Bournemouth,1,0,H,1,0,H,M Atkinson,12,10,2,2,12,6,14,5,1,2,0,0,1.44,4.75,7.0
PRM,06.10.2019,16:30,Newcastle,Man United,1,0,H,0,0,D,M Dean,12,12,2,3,12,10,4,6,3,3,0,0,4.5,3.5,1.85
PRM,19.10.2019,15:00,Aston Villa,Brighton,2,1,H,1,1,D,D Coote,24,20,8,5,9,17,7,5,1,2,0,1,2.35,3.4,3.0
PRM,19.10.2019,15:00,Bournemouth,Norwich,0,0,D,0,0,D,L Mason,11,10,2,1,8,11,6,7,1,3,0,0,1.72,4.2,4.2
PRM,19.10.2019,15:00,Chelsea,Newcastle,1,0,H,0,0,D,A Marriner,16,5,8,0,9,12,11,0,2,1,0,0,1.3,5.5,10.0
PRM,19.10.2019,15:00,Leicester,Burnley,2,1,H,1,1,D,J Moss,19,13,3,4,4,10,9,4,0,3,0,0,1.57,4.0,6.0
PRM,19.10.2019,15:00,Tottenham,Watford,1,1,D,0,1,A,C Kavanagh,12,7,2,2,5,9,11,2,4,3,0,0,1.4,5.0,7.5
PRM,19.10.2019,15:00,Wolves,Southampton,1,1,D,0,0,D,P Bankes,4,14,1,5,10,17,1,3,3,2,0,0,1.8,3.6,4.5
PRM,20.10.2019,16:30,Man United,Liverpool,1,1,D,1,0,H,M Atkinson,7,10,2,4,6,14,3,1,0,1,0,0,5.25,3.8,1.65
PRM,21.10.2019,20:00,Sheffield United,Arsenal,1,0,H,1,0,H,M Dean,8,9,2,3,10,12,7,12,4,4,0,0,3.9,3.75,1.9
PRM,25.10.2019,20:00,Southampton,Leicester,0,9,A,0,5,A,A Marriner,6,25,3,15,3,12,2,7,0,0,1,0,3.1,3.4,2.3
PRM,26.10.2019,12:30,Man City,Aston Villa,3,0,H,0,0,D,G Scott,25,11,9,5,10,5,13,7,1,1,1,0,1.08,11.0,26.0
PRM,26.10.2019,15:00,Brighton,Everton,3,2,H,1,1,D,A Madley,8,10,4,6,12,12,0,5,2,1,0,0,2.9,3.25,2.5
PRM,26.10.2019,15:00,Watford,Bournemouth,0,0,D,0,0,D,M Dean,7,15,3,5,14,8,5,10,5,3,0,0,2.15,3.6,3.25
PRM,26.10.2019,15:00,West Ham,Sheffield United,1,1,D,1,0,H,D Coote,12,10,4,4,7,10,10,4,2,2,0,0,2.1,3.5,3.5
PRM,27.10.2019,14:00,Newcastle,Wolves,1,1,D,1,0,H,K Friend,13,13,2,5,8,15,3,6,2,2,1,0,3.0,3.1,2.55
PRM,27.10.2019,16:30,Arsenal,Crystal Palace,2,2,D,2,1,H,M Atkinson,15,10,6,4,18,9,12,5,2,0,0,0,1.45,4.75,6.5
PRM,02.11.2019,12:30,Bournemouth,Man United,1,0,H,1,0,H,C Kavanagh,12,15,6,4,14,12,4,10,4,3,0,0,3.25,3.6,2.15
PRM,02.11.2019,15:00,Aston Villa,Liverpool,1,2,A,1,0,H,J Moss,5,25,2,6,12,9,2,10,1,2,0,0,9.0,5.0,1.33
PRM,02.11.2019,15:00,Brighton,Norwich,2,0,H,0,0,D,K Friend,21,7,5,0,11,8,8,3,0,1,0,0,1.72,4.2,4.33
PRM,02.11.2019,15:00,Man City,Southampton,2,1,H,0,1,A,L Mason,26,3,4,3,11,10,17,0,3,1,0,0,1.07,13.0,23.0
PRM,02.11.2019,15:00,Sheffield United,Burnley,3,0,H,3,0,H,S Hooper,13,6,6,0,8,12,7,6,1,2,0,0,2.25,3.2,3.4
PRM,03.11.2019,16:30,Everton,Tottenham,1,1,D,0,0,D,M Atkinson,7,4,3,2,9,8,5,2,1,2,0,1,2.7,3.4,2.6
PRM,08.11.2019,20:00,Norwich,Watford,0,2,A,0,1,A,A Marriner,17,12,5,2,7,13,10,4,1,2,0,1,2.7,3.5,2.55
PRM,09.11.2019,12:30,Chelsea,Crystal Palace,2,0,H,0,0,D,M Dean,23,3,5,1,9,17,7,0,3,2,0,0,1.33,5.0,10.0
PRM,09.11.2019,15:00,Burnley,West Ham,3,0,H,2,0,H,K Friend,14,7,12,4,17,10,11,4,2,1,0,0,2.25,3.5,3.1
PRM,09.11.2019,15:00,Newcastle,Bournemouth,2,1,H,1,1,D,M Atkinson,20,16,9,3,10,5,5,4,2,0,0,0,2.55,3.25,2.8
PRM,09.11.2019,15:00,Tottenham,Sheffield United,1,1,D,0,0,D,G Scott,17,14,5,4,6,9,4,4,2,2,0,0,1.57,4.0,6.0
PRM,09.11.2019,17:30,Leicester,Arsenal,2,0,H,0,0,D,C Kavanagh,19,8,7,1,10,10,5,4,1,1,0,0,2.0,3.75,3.5
PRM,10.11.2019,14:00,Man United,Brighton,3,1,H,2,0,H,J Moss,21,6,11,2,10,14,5,2,2,5,0,0,1.6,3.75,6.5
PRM,23.11.2019,15:00,Bournemouth,Wolves,1,2,A,0,2,A,S Hooper,9,17,2,7,10,12,5,9,2,1,1,0,2.75,3.3,2.6
PRM,23.11.2019,15:00,Brighton,Leicester,0,2,A,0,0,D,M Dean,7,19,0,9,9,1,6,7,2,0,0,0,3.75,3.5,2.0
PRM,23.11.2019,15:00,Crystal Palace,Liverpool,1,2,A,0,0,D,K Friend,16,12,6,4,8,7,9,8,0,1,0,0,7.5,4.75,1.4
PRM,23.11.2019,17:30,Man City,Chelsea,2,1,H,2,1,H,M Atkinson,15,11,4,2,5,9,8,2,1,1,0,0,1.44,5.0,6.5
PRM,24.11.2019,16:30,Sheffield United,Man United,3,3,D,1,0,H,A Marriner,12,11,8,5,13,10,6,3,1,2,0,0,3.5,3.4,2.1
PRM,25.11.2019,20:00,Aston Villa,Newcastle,2,0,H,2,0,H,L Mason,17,11,8,5,10,9,11,6,1,1,0,0,2.05,3.4,3.7
PRM,30.11.2019,12:30,Newcastle,Man City,2,2,D,1,1,D,C Kavanagh,6,24,3,9,4,6,1,10,1,2,0,0,13.0,8.0,1.16
PRM,30.11.2019,15:00,Burnley,Crystal Palace,0,2,A,0,1,A,P Bankes,15,7,4,2,13,10,5,6,2,0,0,0,2.25,3.25,3.3
PRM,30.11.2019,15:00,Chelsea,West Ham,0,1,A,0,0,D,J Moss,19,5,6,4,0,16,9,3,0,3,0,0,1.28,6.0,9.0
PRM,30.11.2019,15:00,Liverpool,Brighton,2,1,H,2,0,H,M Atkinson,15,12,7,5,3,10,4,5,0,0,1,0,1.18,7.0,15.0
PRM,30.11.2019,15:00,Tottenham,Bournemouth,3,2,H,1,0,H,L Mason,15,20,5,6,10,12,4,8,0,2,0,0,1.36,5.5,7.5
PRM,01.12.2019,14:00,Wolves,Sheffield United,1,1,D,0,1,A,D Coote,13,9,3,4,12,18,7,2,1,4,0,0,1.9,3.5,4.2
PRM,01.12.2019,16:30,Leicester,Everton,2,1,H,0,1,A,G Scott,16,11,6,3,7,9,4,4,0,1,0,0,1.61,4.0,5.25
PRM,03.12.2019,20:15,Burnley,Man City,1,4,A,0,1,A,J Moss,4,17,2,8,9,6,3,6,1,1,0,0,11.0,7.0,1.22
PRM,04.12.2019,19:30,Chelsea,Aston Villa,2,1,H,1,1,D,C Kavanagh,25,9,9,3,18,10,9,5,2,1,0,0,1.28,5.75,10.0
PRM,04.12.2019,19:30,Southampton,Norwich,2,1,H,2,0,H,K Friend,14,10,5,3,12,7,6,1,1,1,0,0,1.72,4.0,4.2
PRM,04.12.2019,19:30,Wolves,West Ham,2,0,H,1,0,H,A Marriner,13,6,7,3,8,9,5,4,1,2,0,0,1.75,3.7,4.75
PRM,04.12.2019,20:15,Liverpool,Everton,5,2,H,4,2,H,M Dean,11,12,5,4,13,17,5,6,1,2,0,0,1.36,5.0,8.5
PRM,05.12.2019,20:15,Arsenal,Brighton,1,2,A,0,1,A,G Scott,12,20,5,9,10,11,9,9,3,1,0,0,1.57,4.33,5.5
PRM,07.12.2019,15:00,Bournemouth,Liverpool,0,3,A,0,2,A,C Kavanagh,3,21,0,9,5,6,1,3,0,1,0,0,7.0,5.25,1.4
PRM,07.12.2019,15:00,Tottenham,Burnley,5,0,H,3,0,H,K Friend,13,7,7,1,12,8,1,1,1,1,0,0,1.4,4.75,8.0
PRM,07.12.2019,15:00,Watford,Crystal Palace,0,0,D,0,0,D,M Atkinson,13,3,3,0,15,16,6,2,4,2,0,0,2.37,3.3,3.1
PRM,08.12.2019,14:00,Newcastle,Southampton,2,1,H,0,0,D,D Coote,12,19,6,4,11,17,3,12,1,3,0,0,2.5,3.2,2.9
PRM,08.12.2019,14:00,Norwich,Sheffield United,1,2,A,1,0,H,S Hooper,14,9,4,3,6,12,9,1,0,4,0,0,2.9,3.5,2.37
PRM,08.12.2019,16:30,Brighton,Wolves,2,2,D,2,2,D,J Moss,13,13,4,5,10,7,3,4,3,0,0,0,2.62,3.1,2.87
PRM,09.12.2019,20:00,West Ham,Arsenal,1,3,A,1,0,H,M Dean,11,10,4,3,12,6,4,3,2,0,0,0,3.3,4.0,2.0
PRM,14.12.2019,12:30,Liverpool,Watford,2,0,H,1,0,H,A Marriner,16,8,6,2,8,6,6,3,2,1,0,0,1.16,7.5,17.0
PRM,14.12.2019,15:00,Chelsea,Bournemouth,0,1,A,0,0,D,G Scott,18,11,5,2,9,14,9,4,1,2,0,0,1.25,6.0,12.0
PRM,14.12.2019,15:00,Leicester,Norwich,1,1,D,1,1,D,A Madley,18,10,5,3,11,15,12,4,0,4,0,0,1.22,6.5,13.0
PRM,14.12.2019,15:00,Sheffield United,Aston Villa,2,0,H,0,0,D,P Bankes,7,8,3,0,10,9,3,2,2,2,0,0,1.85,3.75,4.2
PRM,14.12.2019,17:30,Southampton,West Ham,0,1,A,0,1,A,M Atkinson,11,11,2,4,9,14,5,8,1,3,0,0,1.9,3.8,3.8
PRM,21.12.2019,12:30,Everton,Arsenal,0,0,D,0,0,D,K Friend,9,6,0,2,10,11,5,4,2,3,0,0,2.3,3.8,2.87
PRM,21.12.2019,15:00,Bournemouth,Burnley,0,1,A,0,0,D,M Atkinson,3,2,0,1,13,21,4,5,2,4,0,0,2.4,3.4,2.9
PRM,21.12.2019,15:00,Brighton,Sheffield United,0,1,A,0,1,A,R Jones,9,7,2,2,6,11,4,3,1,3,0,0,2.2,3.25,3.5
PRM,21.12.2019,15:00,Newcastle,Crystal Palace,1,0,H,0,0,D,S Hooper,8,16,3,4,12,11,4,5,2,0,0,0,2.37,3.1,3.25
PRM,21.12.2019,15:00,Norwich,Wolves,1,2,A,1,0,H,P Bankes,13,14,7,4,7,14,3,11,2,4,0,0,3.75,3.8,1.9
PRM,21.12.2019,17:30,Man City,Leicester,3,1,H,2,1,H,M Dean,23,5,12,2,14,9,6,1,2,2,0,0,1.36,5.25,7.5
PRM,22.12.2019,14:00,Watford,Man United,2,0,H,0,0,D,L Mason,11,17,3,8,16,11,3,5,3,1,0,0,4.33,4.0,1.75
PRM,26.12.2019,12:30,Tottenham,Brighton,2,1,H,0,1,A,G Scott,11,11,5,5,10,9,9,2,4,2,0,0,1.53,4.33,6.0
PRM,26.12.2019,15:00,Aston Villa,Norwich,1,0,H,0,0,D,C Kavanagh,11,16,2,6,15,12,5,8,2,3,0,0,2.1,3.75,3.3
PRM,26.12.2019,15:00,Chelsea,Southampton,0,2,A,0,1,A,J Moss,10,5,3,3,10,9,8,1,3,2,0,0,1.33,5.25,9.0
PRM,26.12.2019,15:00,Crystal Palace,West Ham,2,1,H,0,0,D,A Marriner,13,10,4,2,5,10,7,6,0,2,0,0,2.3,3.4,3.1
PRM,26.12.2019,15:00,Sheffield United,Watford,1,1,D,1,1,D,D Coote,16,5,4,2,11,8,9,1,1,3,0,0,1.83,3.6,4.33
PRM,26.12.2019,17:30,Man United,Newcastle,4,1,H,3,1,H,K Friend,22,7,10,2,10,7,5,0,2,2,0,0,1.33,5.25,9.0
PRM,27.12.2019,19:45,Wolves,Man City,3,2,H,0,1,A,M Atkinson,20,7,8,3,7,13,3,1,0,1,0,1,8.5,5.0,1.36
PRM,28.12.2019,15:00,Newcastle,Everton,1,2,A,0,1,A,L Mason,20,22,5,9,13,13,5,8,2,2,0,0,3.6,3.4,2.05
PRM,28.12.2019,15:00,Southampton,Crystal Palace,1,1,D,0,0,D,A Madley,14,5,5,2,13,7,12,4,1,2,0,0,1.95,3.6,3.8
PRM,28.12.2019,15:00,Watford,Aston Villa,3,0,H,1,0,H,S Hooper,20,11,6,2,16,9,6,3,3,1,1,0,1.95,3.8,3.6
PRM,28.12.2019,17:30,Norwich,Tottenham,2,2,D,1,0,H,K Friend,5,15,2,7,12,10,4,6,3,3,0,0,5.0,4.0,1.66
PRM,28.12.2019,17:30,West Ham,Leicester,1,2,A,1,1,D,D Coote,14,13,4,8,16,4,5,5,4,1,0,0,4.0,3.9,1.83
PRM,28.12.2019,19:45,Burnley,Man United,0,2,A,0,1,A,M Dean,8,14,1,5,17,10,5,4,4,3,0,0,4.33,3.75,1.8
PRM,29.12.2019,18:00,Man City,Sheffield United,2,0,H,0,0,D,C Kavanagh,16,8,4,0,5,6,8,5,1,1,0,0,1.16,7.5,16.0
PRM,01.01.2020,15:00,Newcastle,Leicester,0,3,A,0,2,A,M Atkinson,5,17,2,10,8,12,4,5,1,1,0,0,5.0,3.8,1.66
PRM,01.01.2020,15:00,Southampton,Tottenham,1,0,H,1,0,H,M Dean,12,11,3,5,21,8,6,9,3,4,0,0,3.3,3.5,2.1
PRM,01.01.2020,15:00,Watford,Wolves,2,1,H,1,0,H,A Madley,9,16,3,4,12,6,4,7,3,1,1,0,3.0,3.4,2.3
PRM,01.01.2020,17:30,Man City,Everton,2,1,H,0,0,D,A Marriner,16,7,7,2,11,11,3,6,0,4,0,0,1.25,6.5,10.0
PRM,01.01.2020,17:30,Norwich,Crystal Palace,1,1,D,1,0,H,J Moss,15,12,4,3,12,9,2,5,5,0,0,0,2.5,3.4,2.75
PRM,01.01.2020,17:30,West Ham,Bournemouth,4,0,H,3,0,H,G Scott,14,3,7,2,3,12,9,2,1,2,0,0,1.9,3.75,3.8
PRM,01.01.2020,20:00,Arsenal,Man United,2,0,H,2,0,H,C Kavanagh,10,10,4,4,11,15,1,4,2,0,0,0,2.55,3.6,2.62
PRM,11.01.2020,15:00,Chelsea,Burnley,3,0,H,2,0,H,K Friend,18,7,8,2,7,4,10,3,0,3,0,0,1.28,5.5,11.0
PRM,11.01.2020,15:00,Everton,Brighton,1,0,H,1,0,H,D Coote,14,9,6,2,7,7,4,3,2,1,0,0,1.85,3.8,4.0
PRM,11.01.2020,15:00,Leicester,Southampton,1,2,A,1,1,D,L Mason,5,16,5,10,9,17,2,4,0,3,0,0,1.6,4.0,5.5
PRM,11.01.2020,15:00,Wolves,Newcastle,1,1,D,1,1,D,P Bankes,9,5,4,1,13,12,5,2,0,3,0,0,1.44,4.5,7.5
PRM,11.01.2020,17:30,Tottenham,Liverpool,0,1,A,0,1,A,M Atkinson,14,13,4,7,4,8,4,3,0,2,0,0,4.5,4.33,1.66
PRM,12.01.2020,14:00,Bournemouth,Watford,0,3,A,0,1,A,M Dean,10,18,1,6,3,13,5,5,1,1,0,0,2.6,3.3,2.7
PRM,12.01.2020,16:30,Aston Villa,Man City,1,6,A,0,4,A,J Moss,7,22,1,12,5,12,2,4,2,1,0,0,13.0,8.5,1.16
PRM,18.01.2020,15:00,Arsenal,Sheffield United,1,1,D,1,0,H,M Dean,11,12,4,4,9,13,4,5,1,2,0,0,1.83,3.6,4.33
PRM,18.01.2020,15:00,Brighton,Aston Villa,1,1,D,1,0,H,A Madley,10,8,2,3,11,13,3,4,3,3,0,0,1.66,4.0,5.0
PRM,18.01.2020,15:00,Southampton,Wolves,2,3,A,2,0,H,D England,11,8,5,4,13,12,1,3,2,1,0,0,2.4,3.4,3.0
PRM,18.01.2020,15:00,West Ham,Everton,1,1,D,1,1,D,A Marriner,12,11,6,3,11,13,7,6,1,0,0,0,2.9,3.5,2.37
PRM,18.01.2020,17:30,Newcastle,Chelsea,1,0,H,0,0,D,C Kavanagh,7,19,2,4,9,14,1,10,1,1,0,0,6.0,4.5,1.5
PRM,21.01.2020,19:30,Aston Villa,Watford,2,1,H,0,1,A,M Atkinson,16,8,5,2,11,18,6,3,2,2,0,0,2.8,3.5,2.45
PRM,21.01.2020,19:30,Bournemouth,Brighton,3,1,H,2,0,H,K Friend,11,21,3,8,9,12,5,8,1,1,0,0,2.87,3.4,2.45
PRM,21.01.2020,19:30,Crystal Palace,Southampton,0,2,A,0,1,A,A Marriner,6,15,0,6,12,13,0,8,1,2,0,0,2.7,3.25,2.7
PRM,21.01.2020,19:30,Everton,Newcastle,2,2,D,1,0,H,S Hooper,17,8,8,2,13,10,6,4,1,1,0,0,1.55,4.1,6.0
PRM,21.01.2020,19:30,Sheffield United,Man City,0,1,A,0,0,D,L Mason,4,18,1,5,13,13,5,13,4,3,0,0,7.0,5.0,1.4
PRM,22.01.2020,19:30,Leicester,West Ham,4,1,H,2,0,H,D Coote,19,6,8,2,10,19,7,8,1,1,0,0,1.53,4.33,6.0
PRM,22.01.2020,19:30,Tottenham,Norwich,2,1,H,1,0,H,C Kavanagh,14,12,3,2,12,7,7,3,0,1,0,0,1.4,5.0,7.5
PRM,22.01.2020,20:15,Man United,Burnley,0,2,A,0,1,A,J Moss,24,5,7,2,11,7,5,2,0,2,0,0,1.36,4.75,9.0
PRM,29.01.2020,19:45,West Ham,Liverpool,0,2,A,0,1,A,J Moss,7,13,4,5,6,6,3,7,2,0,0,0,8.5,5.5,1.33
PRM,01.02.2020,12:30,Leicester,Chelsea,2,2,D,0,0,D,L Mason,14,7,4,3,16,14,4,6,2,2,0,0,2.5,3.6,2.7
PRM,01.02.2020,15:00,Crystal Palace,Sheffield United,0,1,A,0,0,D,A Madley,13,10,3,3,9,15,9,5,3,2,0,0,3.1,3.1,2.5
PRM,01.02.2020,15:00,Liverpool,Southampton,4,0,H,0,0,D,K Friend,16,17,9,4,9,15,6,11,0,2,0,0,1.25,6.0,12.0
PRM,01.02.2020,15:00,Newcastle,Norwich,0,0,D,0,0,D,M Atkinson,15,19,5,4,10,15,8,12,2,1,0,0,2.2,3.4,3.3
PRM,02.02.2020,14:00,Burnley,Arsenal,0,0,D,0,0,D,C Kavanagh,15,13,2,2,8,11,5,7,1,3,0,0,3.6,3.6,2.0
PRM,02.02.2020,16:30,Tottenham,Man City,2,0,H,0,0,D,M Dean,3,18,3,5,8,14,2,6,2,3,0,1,5.5,4.6,1.53
PRM,08.02.2020,12:30,Everton,Crystal Palace,3,1,H,1,0,H,D Coote,14,10,8,2,11,12,4,6,0,1,0,0,1.61,3.8,6.0
PRM,08.02.2020,17:30,Brighton,Watford,1,1,D,0,1,A,K Friend,10,5,2,2,9,12,3,2,2,2,0,0,2.1,3.4,3.6
PRM,09.02.2020,14:00,Sheffield United,Bournemouth,2,1,H,1,1,D,J Moss,16,10,6,2,10,8,8,4,2,2,0,0,1.66,3.6,5.75
PRM,14.02.2020,20:00,Wolves,Leicester,0,0,D,0,0,D,M Dean,15,9,3,3,13,10,7,0,2,2,0,1,2.5,3.3,2.87
PRM,15.02.2020,12:30,Southampton,Burnley,1,2,A,1,1,D,S Hooper,10,9,2,6,8,11,4,3,2,2,0,0,1.75,3.8,4.75
PRM,16.02.2020,14:00,Aston Villa,Tottenham,2,3,A,1,2,A,M Atkinson,18,23,4,10,12,10,12,7,2,0,0,0,4.0,3.8,1.85
PRM,16.02.2020,16:30,Arsenal,Newcastle,4,0,H,0,0,D,L Mason,15,10,7,2,15,9,5,6,2,0,0,0,1.4,4.75,8.0
PRM,19.02.2020,19:30,Man City,West Ham,2,0,H,1,0,H,K Friend,20,3,7,0,5,7,6,1,0,1,0,0,1.12,9.5,17.0
PRM,22.02.2020,15:00,Burnley,Bournemouth,3,0,H,0,0,D,M Dean,16,12,10,4,9,9,7,3,4,3,0,0,2.1,3.3,3.7
PRM,22.02.2020,15:00,Crystal Palace,Newcastle,1,0,H,1,0,H,P Bankes,18,8,9,2,15,11,7,5,2,6,0,1,1.95,3.4,4.2
PRM,22.02.2020,15:00,Sheffield United,Brighton,1,1,D,1,1,D,G Scott,14,8,3,2,3,6,12,2,0,2,0,0,1.95,3.4,4.2
PRM,23.02.2020,14:00,Man United,Watford,3,0,H,1,0,H,M Atkinson,21,7,9,2,6,15,3,5,0,1,0,0,1.6,3.9,6.0
PRM,23.02.2020,14:00,Wolves,Norwich,3,0,H,2,0,H,C Kavanagh,19,6,6,4,11,6,4,1,2,3,0,0,1.5,4.2,7.0
PRM,24.02.2020,20:00,Liverpool,West Ham,3,2,H,1,1,D,J Moss,25,7,7,4,4,10,16,8,0,3,0,0,1.16,8.0,15.0
PRM,29.02.2020,12:30,Brighton,Crystal Palace,0,1,A,0,0,D,M Atkinson,24,12,8,3,8,9,8,7,1,1,0,0,2.05,3.25,3.9
PRM,29.02.2020,15:00,Bournemouth,Chelsea,2,2,D,0,1,A,A Marriner,9,23,5,6,8,5,4,14,2,2,0,0,4.75,3.8,1.72
PRM,29.02.2020,15:00,Newcastle,Burnley,0,0,D,0,0,D,A Madley,21,8,4,1,11,9,11,7,4,3,0,0,2.62,3.1,2.9
PRM,01.03.2020,14:00,Everton,Man United,1,1,D,1,1,D,C Kavanagh,16,14,5,5,11,11,13,8,3,4,0,0,2.5,3.25,2.9
PRM,07.03.2020,15:00,Arsenal,West Ham,1,0,H,0,0,D,M Atkinson,9,14,2,6,11,9,6,7,1,2,0,0,1.57,4.4,5.5
PRM,07.03.2020,15:00,Sheffield United,Norwich,1,0,H,1,0,H,S Hooper,10,12,4,5,12,8,10,5,0,0,0,0,1.65,3.75,5.75
PRM,07.03.2020,15:00,Southampton,Newcastle,0,1,A,0,0,D,G Scott,6,14,3,7,14,15,5,8,0,3,1,0,1.61,4.1,5.25
PRM,07.03.2020,15:00,Wolves,Brighton,0,0,D,0,0,D,A Marriner,11,7,1,1,4,7,2,0,1,3,0,0,1.61,3.9,5.75
PRM,07.03.2020,17:30,Burnley,Tottenham,1,1,D,1,0,H,J Moss,21,13,8,2,16,11,3,5,5,4,0,0,2.7,3.3,2.62
PRM,08.03.2020,14:00,Chelsea,Everton,4,0,H,2,0,H,K Friend,17,3,11,1,8,10,6,1,1,2,0,0,1.8,3.9,4.2
PRM,08.03.2020,16:30,Man United,Man City,2,0,H,1,0,H,M Dean,12,7,6,2,11,9,2,11,2,4,0,0,5.0,4.33,1.6
PRM,19.06.2020,18:00,Norwich,Southampton,0,3,A,0,0,D,K Friend,9,22,1,9,9,15,9,7,1,1,0,0,2.8,3.5,2.45
PRM,19.06.2020,20:15,Tottenham,Man United,1,1,D,1,0,H,J Moss,10,12,3,6,17,18,7,6,0,1,0,0,3.0,3.4,2.37
PRM,20.06.2020,15:00,Brighton,Arsenal,2,1,H,0,0,D,M Atkinson,9,13,5,6,13,8,10,7,2,1,0,0,3.1,3.25,2.37
PRM,21.06.2020,14:00,Newcastle,Sheffield United,3,0,H,0,0,D,D Coote,12,7,8,1,9,10,2,4,2,0,0,1,3.3,3.1,2.37
PRM,21.06.2020,19:00,Everton,Liverpool,0,0,D,0,0,D,M Dean,9,10,3,3,15,12,1,6,2,2,0,0,6.0,4.2,1.55
PRM,22.06.2020,20:00,Man City,Burnley,5,0,H,3,0,H,A Marriner,19,1,7,0,8,7,3,1,1,1,0,0,1.12,9.0,15.0
PRM,23.06.2020,18:00,Leicester,Brighton,0,0,D,0,0,D,L Mason,11,10,2,2,10,13,6,7,2,2,0,0,1.6,4.0,5.75
PRM,24.06.2020,18:00,Newcastle,Aston Villa,1,1,D,0,0,D,C Kavanagh,13,14,3,2,15,13,6,9,2,2,0,0,2.3,3.3,3.2
PRM,24.06.2020,18:00,Norwich,Everton,0,1,A,0,0,D,A Madley,9,12,1,5,8,13,6,5,0,1,0,0,3.9,3.6,1.9
PRM,24.06.2020,20:15,Liverpool,Crystal Palace,4,0,H,2,0,H,M Atkinson,21,3,7,0,7,5,6,0,0,0,0,0,1.22,6.5,13.0
PRM,25.06.2020,18:00,Burnley,Watford,1,0,H,0,0,D,M Dean,9,10,5,4,13,15,1,7,1,0,0,0,3.0,3.25,2.45
PRM,25.06.2020,18:00,Southampton,Arsenal,0,2,A,0,1,A,G Scott,12,10,3,5,10,14,4,6,0,2,1,0,2.6,3.5,2.62
PRM,29.06.2020,20:00,Crystal Palace,Burnley,0,1,A,0,0,D,S Hooper,17,8,4,4,12,13,9,1,1,1,0,0,2.25,3.2,3.4
PRM,30.06.2020,20:15,Brighton,Man United,0,3,A,0,2,A,A Marriner,8,12,2,6,10,9,4,5,0,1,0,0,6.0,3.8,1.61
PRM,01.07.2020,18:00,Arsenal,Norwich,4,0,H,2,0,H,P Bankes,13,8,8,2,10,10,6,2,1,4,0,0,1.44,4.75,7.0
PRM,01.07.2020,18:00,Bournemouth,Newcastle,1,4,A,0,2,A,K Friend,12,12,1,7,11,10,6,3,2,0,0,0,2.4,3.1,3.2
PRM,01.07.2020,18:00,Everton,Leicester,2,1,H,2,0,H,D Coote,7,15,2,3,13,10,3,5,1,1,0,0,2.5,3.3,2.9
PRM,01.07.2020,20:15,West Ham,Chelsea,3,2,H,1,1,D,M Atkinson,10,17,4,6,10,9,2,3,2,1,0,0,5.5,4.33,1.57
PRM,02.07.2020,18:00,Sheffield United,Tottenham,3,1,H,1,0,H,C Kavanagh,7,9,5,2,13,13,1,6,2,0,0,0,4.2,3.4,1.95
PRM,04.07.2020,15:00,Leicester,Crystal Palace,3,0,H,0,0,D,J Moss,15,7,4,1,18,8,3,7,2,1,0,0,1.66,3.6,5.75
PRM,04.07.2020,15:00,Man United,Bournemouth,5,2,H,3,1,H,M Dean,19,7,10,3,13,12,8,3,0,1,0,0,1.16,7.5,17.0
PRM,04.07.2020,20:00,Chelsea,Watford,3,0,H,2,0,H,K Friend,21,7,9,3,9,12,5,3,0,2,0,0,1.4,4.75,8.0
PRM,05.07.2020,12:00,Burnley,Sheffield United,1,1,D,1,0,H,P Bankes,9,10,4,3,8,14,3,9,0,0,0,0,2.9,3.0,2.7
PRM,05.07.2020,19:00,Southampton,Man City,1,0,H,1,0,H,A Marriner,8,26,4,6,6,7,2,13,1,2,0,0,8.5,6.0,1.3
PRM,06.07.2020,20:00,Tottenham,Everton,1,0,H,1,0,H,G Scott,12,11,2,3,14,18,5,6,3,2,0,0,2.1,3.5,3.4
PRM,07.07.2020,18:00,Crystal Palace,Chelsea,2,3,A,1,2,A,D Coote,13,14,4,6,11,10,7,9,1,0,0,0,8.5,4.5,1.4
PRM,07.07.2020,20:15,Arsenal,Leicester,1,1,D,1,0,H,C Kavanagh,11,13,7,5,10,14,10,1,1,0,1,0,2.3,3.5,3.0
PRM,08.07.2020,18:00,Man City,Newcastle,5,0,H,2,0,H,A Madley,23,6,9,1,12,7,8,1,0,0,0,0,1.12,9.0,21.0
PRM,08.07.2020,18:00,Sheffield United,Wolves,1,0,H,0,0,D,M Atkinson,7,6,3,1,5,6,6,1,2,0,0,0,3.8,3.2,2.1
PRM,09.07.2020,18:00,Everton,Southampton,1,1,D,1,1,D,L Mason,11,17,4,4,13,14,3,5,3,3,0,0,2.05,3.5,3.6
PRM,09.07.2020,20:15,Aston Villa,Man United,0,3,A,0,2,A,J Moss,9,14,1,6,7,13,3,5,2,3,0,0,9.0,5.25,1.33
PRM,11.07.2020,12:30,Norwich,West Ham,0,4,A,0,2,A,K Friend,11,19,2,7,9,8,1,6,1,0,0,0,3.75,3.75,1.95
PRM,11.07.2020,15:00,Liverpool,Burnley,1,1,D,1,0,H,D Coote,23,6,9,2,7,4,12,6,1,2,0,0,1.22,6.5,12.0
PRM,11.07.2020,17:30,Sheffield United,Chelsea,3,0,H,2,0,H,A Marriner,9,15,4,4,8,6,4,6,1,0,0,0,6.0,3.8,1.6
PRM,11.07.2020,20:00,Brighton,Man City,0,5,A,0,2,A,G Scott,3,26,0,8,7,3,2,7,1,0,0,0,10.0,5.5,1.28
PRM,12.07.2020,14:15,Aston Villa,Crystal Palace,2,0,H,1,0,H,M Atkinson,12,9,9,5,21,21,5,1,2,4,0,1,2.25,3.3,3.3
PRM,13.07.2020,20:00,Man United,Southampton,2,2,D,2,1,H,C Kavanagh,8,9,4,5,14,15,4,6,1,3,0,0,1.3,5.5,10.0
PRM,14.07.2020,20:15,Chelsea,Norwich,1,0,H,1,0,H,J Moss,22,2,6,0,10,9,8,1,2,2,0,0,1.12,9.5,17.0
PRM,15.07.2020,18:00,Burnley,Wolves,1,1,D,0,0,D,M Dean,9,14,1,5,10,8,3,8,0,0,0,0,4.5,3.3,1.9
PRM,15.07.2020,18:00,Man City,Bournemouth,2,1,H,2,0,H,L Mason,8,15,4,3,10,10,3,5,1,1,0,0,1.14,8.5,17.0
PRM,15.07.2020,18:00,Newcastle,Tottenham,1,3,A,0,1,A,D Coote,22,8,6,5,6,13,5,4,2,3,0,0,4.6,3.8,1.75
PRM,16.07.2020,20:15,Crystal Palace,Man United,0,2,A,0,1,A,G Scott,13,17,5,5,10,15,2,7,1,2,0,0,9.5,4.75,1.36
PRM,16.07.2020,20:15,Southampton,Brighton,1,1,D,0,1,A,A Marriner,21,10,6,2,6,10,8,2,1,0,0,0,2.15,3.3,3.5
PRM,17.07.2020,20:00,West Ham,Watford,3,1,H,3,0,H,M Atkinson,10,14,4,3,11,11,9,3,0,2,0,0,2.4,3.0,3.3
PRM,18.07.2020,17:30,Norwich,Burnley,0,2,A,0,1,A,K Friend,6,23,2,8,9,16,6,8,0,0,2,0,3.2,3.4,2.25
PRM,20.07.2020,18:00,Brighton,Newcastle,0,0,D,0,0,D,S Hooper,11,12,3,1,13,12,9,7,4,2,0,0,1.9,3.4,4.33
PRM,20.07.2020,20:15,Wolves,Crystal Palace,2,0,H,1,0,H,P Bankes,11,7,5,3,11,15,5,2,2,1,0,0,1.5,4.0,7.5
PRM,21.07.2020,20:15,Aston Villa,Arsenal,1,0,H,1,0,H,C Kavanagh,8,7,3,0,13,19,8,9,2,4,0,0,3.3,3.6,2.1
PRM,22.07.2020,20:15,Liverpool,Chelsea,5,3,H,3,1,H,A Marriner,10,10,7,5,8,11,6,0,1,0,0,0,2.0,3.75,3.5
PRM,26.07.2020,16:00,Arsenal,Watford,3,2,H,3,1,H,M Dean,13,19,5,6,9,12,4,8,3,3,0,0,1.9,3.8,3.8
PRM,26.07.2020,16:00,Burnley,Brighton,1,2,A,1,1,D,J Moss,13,14,2,4,11,11,6,7,3,0,0,0,2.37,3.4,3.0
PRM,26.07.2020,16:00,Crystal Palace,Tottenham,1,1,D,0,1,A,A Marriner,13,7,2,2,11,13,7,2,3,2,0,0,6.0,4.2,1.55
PRM,26.07.2020,16:00,Everton,Bournemouth,1,3,A,1,2,A,C Kavanagh,13,13,5,7,11,9,2,5,1,0,0,0,2.25,3.7,3.0
PRM,26.07.2020,16:00,Leicester,Man United,0,2,A,0,0,D,M Atkinson,14,7,3,3,12,11,3,3,1,4,1,0,3.25,3.5,2.2
PRM,26.07.2020,16:00,Southampton,Sheffield United,3,1,H,0,1,A,P Bankes,13,5,4,3,9,16,9,1,0,1,0,0,2.15,3.5,3.3
PRM,12.09.2020,12:30,Fulham,Arsenal,0,3,A,0,1,A,C Kavanagh,5,13,2,6,12,12,2,3,2,2,0,0,6.0,4.33,1.53
PRM,12.09.2020,15:00,Crystal Palace,Southampton,1,0,H,1,0,H,J Moss,5,9,3,5,14,11,7,3,2,1,0,0,3.1,3.25,2.37
PRM,13.09.2020,16:30,Tottenham,Everton,0,1,A,0,0,D,M Atkinson,9,15,5,4,15,7,5,3,1,0,0,0,1.83,3.6,4.33
PRM,14.09.2020,18:00,Sheffield United,Wolves,0,2,A,0,2,A,M Dean,9,11,2,4,13,7,12,5,2,1,0,0,3.25,3.1,2.37
PRM,19.09.2020,12:30,Everton,West Brom,5,2,H,2,1,H,M Dean,17,6,7,4,9,11,11,1,1,0,0,1,1.5,4.2,6.5
PRM,19.09.2020,17:30,Man United,Crystal Palace,1,3,A,0,1,A,M Atkinson,13,14,4,5,13,10,9,3,2,1,0,0,1.3,5.5,9.5
PRM,20.09.2020,12:00,Southampton,Tottenham,2,5,A,1,1,D,D Coote,14,9,7,6,16,18,3,2,4,3,0,0,3.0,3.3,2.37
PRM,20.09.2020,14:00,Newcastle,Brighton,0,3,A,0,2,A,K Friend,6,13,0,6,16,15,7,1,3,0,0,1,2.6,3.1,2.87
PRM,20.09.2020,19:00,Leicester,Burnley,4,2,H,1,1,D,L Mason,14,16,6,5,11,13,15,4,1,2,0,0,1.61,4.0,5.5
PRM,21.09.2020,18:00,Aston Villa,Sheffield United,1,0,H,0,0,D,G Scott,18,4,2,1,12,13,10,4,3,1,0,1,2.7,3.1,2.75
PRM,21.09.2020,20:15,Wolves,Man City,1,3,A,0,2,A,A Marriner,10,14,1,9,6,8,4,6,0,3,0,0,6.5,4.33,1.5
PRM,26.09.2020,12:30,Brighton,Man United,2,3,A,1,1,D,C Kavanagh,18,7,5,3,18,16,7,1,4,2,0,0,4.75,3.75,1.72
PRM,26.09.2020,15:00,Crystal Palace,Everton,1,2,A,1,2,A,K Friend,8,10,1,5,16,15,7,6,3,1,0,0,3.75,3.25,2.1
PRM,26.09.2020,17:30,West Brom,Chelsea,3,3,D,3,0,H,J Moss,9,22,3,10,8,16,3,9,1,3,0,0,9.0,4.75,1.36
PRM,26.09.2020,20:00,Burnley,Southampton,0,1,A,0,1,A,A Marriner,10,5,2,1,8,10,8,2,1,0,0,0,3.2,3.3,2.3
PRM,27.09.2020,14:00,Tottenham,Newcastle,1,1,D,1,0,H,P Bankes,23,6,12,1,15,9,10,4,1,4,0,0,1.45,4.5,7.0
PRM,27.09.2020,19:00,West Ham,Wolves,4,0,H,1,0,H,M Atkinson,15,11,7,2,7,11,1,3,0,1,0,0,3.6,3.5,2.05
PRM,03.10.2020,15:00,Everton,Brighton,4,2,H,2,1,H,S Hooper,11,11,6,3,13,14,3,10,0,1,0,0,1.72,3.75,4.8
PRM,03.10.2020,17:30,Leeds,Man City,1,1,D,0,1,A,M Dean,12,23,7,2,11,12,7,10,2,1,0,0,7.5,5.25,1.36
PRM,03.10.2020,20:00,Newcastle,Burnley,3,1,H,1,0,H,D Coote,10,7,5,3,13,17,3,4,2,3,0,0,2.4,3.2,3.1
PRM,04.10.2020,12:00,Leicester,West Ham,0,3,A,0,2,A,A Madley,4,14,0,6,11,8,6,4,2,2,0,0,1.61,4.2,5.25
PRM,04.10.2020,12:00,Southampton,West Brom,2,0,H,1,0,H,C Kavanagh,13,5,7,2,19,10,5,1,2,1,0,0,1.72,3.8,4.75
PRM,04.10.2020,14:00,Arsenal,Sheffield United,2,1,H,0,0,D,L Mason,6,6,5,2,3,9,2,4,0,1,0,0,1.57,4.0,6.0
PRM,04.10.2020,14:00,Wolves,Fulham,1,0,H,0,0,D,D England,14,10,5,2,15,8,6,2,1,1,0,0,1.5,4.0,7.5
PRM,04.10.2020,19:15,Aston Villa,Liverpool,7,2,H,4,1,H,M Atkinson,18,14,11,8,7,10,2,7,2,1,0,0,10.0,5.5,1.3
PRM,17.10.2020,15:00,Chelsea,Southampton,3,3,D,2,1,H,P Bankes,11,13,5,6,11,9,6,2,1,1,0,0,1.45,4.75,6.5
PRM,17.10.2020,17:30,Man City,Arsenal,1,0,H,1,0,H,C Kavanagh,13,11,5,3,15,10,6,6,4,1,0,0,1.44,5.0,6.5
PRM,18.10.2020,12:00,Sheffield United,Fulham,1,1,D,0,0,D,A Marriner,10,15,6,6,5,9,2,5,0,2,0,0,2.1,3.3,3.7
PRM,18.10.2020,19:15,Leicester,Aston Villa,0,1,A,0,0,D,J Moss,11,10,5,4,18,18,2,7,4,3,0,0,1.83,3.8,4.1
PRM,19.10.2020,20:00,Leeds,Wolves,0,1,A,0,0,D,D Coote,13,7,2,3,13,12,8,3,2,1,0,0,2.5,3.3,2.87
PRM,24.10.2020,15:00,Fulham,Crystal Palace,1,2,A,0,1,A,G Scott,16,14,3,10,11,11,4,4,0,1,1,0,2.75,3.1,2.7
PRM,24.10.2020,17:30,Man United,Chelsea,0,0,D,0,0,D,M Atkinson,14,6,4,1,8,6,9,6,3,1,0,0,2.37,3.6,2.8
PRM,24.10.2020,20:00,Liverpool,Sheffield United,2,1,H,1,1,D,M Dean,17,13,5,2,7,15,7,3,0,3,0,0,1.22,6.5,12.0
PRM,25.10.2020,14:00,Southampton,Everton,2,0,H,2,0,H,K Friend,12,6,6,2,11,11,4,5,1,2,0,1,2.75,3.4,2.55
PRM,25.10.2020,16:30,Wolves,Newcastle,1,1,D,0,0,D,L Mason,16,5,3,2,10,10,2,3,0,1,0,0,1.75,3.5,5.25
PRM,26.10.2020,17:30,Brighton,West Brom,1,1,D,1,0,H,J Moss,5,9,3,3,14,7,6,2,2,0,0,0,1.7,4.0,4.75
PRM,30.10.2020,20:00,Wolves,Crystal Palace,2,0,H,2,0,H,M Atkinson,15,11,5,2,13,4,7,6,0,2,0,1,2.0,3.2,4.33
PRM,31.10.2020,15:00,Burnley,Chelsea,0,3,A,0,1,A,D Coote,5,14,0,9,10,15,3,4,1,0,0,0,6.0,4.5,1.5
PRM,31.10.2020,17:30,Liverpool,West Ham,2,1,H,1,1,D,K Friend,9,4,5,3,13,14,1,2,0,1,0,0,1.36,5.25,7.5
PRM,01.11.2020,12:00,Aston Villa,Southampton,3,4,A,0,3,A,D England,19,9,10,4,12,17,11,1,1,2,0,0,2.45,3.5,2.8
PRM,01.11.2020,16:30,Man United,Arsenal,0,1,A,0,0,D,M Dean,8,7,2,2,12,12,6,3,3,3,0,0,2.0,3.6,3.6
PRM,01.11.2020,19:15,Tottenham,Brighton,2,1,H,1,0,H,G Scott,9,6,3,2,14,13,4,5,2,1,0,0,1.61,4.0,5.5
PRM,02.11.2020,17:30,Fulham,West Brom,2,0,H,2,0,H,S Hooper,13,10,6,1,13,11,5,2,3,2,0,0,2.4,3.3,3.0
PRM,02.11.2020,20:00,Leeds,Leicester,1,4,A,0,2,A,A Marriner,11,10,4,8,9,5,10,3,1,1,0,0,2.5,3.6,2.62
PRM,06.11.2020,17:30,Brighton,Burnley,0,0,D,0,0,D,M Dean,19,4,3,1,11,5,5,3,1,0,0,0,1.85,3.5,4.33
PRM,06.11.2020,20:00,Southampton,Newcastle,2,0,H,1,0,H,P Bankes,15,4,8,2,12,11,8,3,1,2,0,0,2.0,3.6,3.7
PRM,07.11.2020,15:00,Crystal Palace,Leeds,4,1,H,3,1,H,C Kavanagh,10,9,6,3,9,1,3,6,0,2,0,0,2.87,3.4,2.45
PRM,07.11.2020,17:30,Chelsea,Sheffield United,4,1,H,2,1,H,J Moss,20,6,9,3,5,14,6,7,0,2,0,0,1.36,5.0,8.5
PRM,07.11.2020,20:00,West Ham,Fulham,1,0,H,0,0,D,R Jones,16,13,7,3,10,9,9,5,2,2,0,0,1.83,3.75,4.2
PRM,08.11.2020,12:00,West Brom,Tottenham,0,1,A,0,0,D,A Madley,12,19,2,5,17,12,9,6,1,0,0,0,7.0,4.33,1.45
PRM,08.11.2020,19:15,Arsenal,Aston Villa,0,3,A,0,1,A,M Atkinson,13,15,2,6,11,13,3,8,0,0,0,0,1.65,4.1,5.0
PRM,21.11.2020,17:30,Tottenham,Man City,2,0,H,1,0,H,M Dean,4,22,2,5,13,19,0,10,2,2,0,0,4.0,4.0,1.8
PRM,21.11.2020,20:00,Man United,West Brom,1,0,H,0,0,D,D Coote,17,7,7,2,12,17,8,2,1,1,0,0,1.3,5.5,9.5
PRM,22.11.2020,12:00,Fulham,Everton,2,3,A,1,3,A,A Madley,14,9,6,7,14,10,2,5,2,0,0,0,3.9,3.9,1.85
PRM,22.11.2020,14:00,Sheffield United,West Ham,0,1,A,0,0,D,M Atkinson,9,15,5,3,7,6,2,6,0,0,0,0,3.0,3.25,2.4
PRM,22.11.2020,19:15,Liverpool,Leicester,3,0,H,2,0,H,C Kavanagh,24,11,13,4,15,6,10,3,0,2,0,0,1.85,4.0,3.8
PRM,23.11.2020,17:30,Burnley,Crystal Palace,1,0,H,1,0,H,K Friend,10,15,4,5,13,9,4,7,2,0,0,0,2.75,3.1,2.75
PRM,23.11.2020,20:00,Wolves,Southampton,1,1,D,0,0,D,A Marriner,20,7,9,2,14,13,7,4,2,0,0,0,2.3,3.25,3.25
PRM,27.11.2020,20:00,Crystal Palace,Newcastle,0,2,A,0,0,D,G Scott,12,14,3,7,9,10,7,3,2,2,0,0,2.05,3.25,3.75
PRM,28.11.2020,15:00,Man City,Burnley,5,0,H,3,0,H,L Mason,19,9,6,1,12,4,6,4,0,0,0,0,1.16,7.5,16.0
PRM,28.11.2020,17:30,Everton,Leeds,0,1,A,0,0,D,C Kavanagh,15,23,8,7,8,14,4,2,1,2,0,0,1.95,3.8,3.6
PRM,28.11.2020,20:00,West Brom,Sheffield United,1,0,H,1,0,H,M Dean,17,21,6,5,10,9,14,9,2,3,0,0,2.6,3.2,2.8
PRM,29.11.2020,14:00,Southampton,Man United,2,3,A,2,0,H,J Moss,10,15,5,6,12,12,5,9,1,0,0,0,4.0,3.5,1.95
PRM,30.11.2020,17:30,Leicester,Fulham,1,2,A,0,2,A,S Hooper,16,10,3,5,9,21,6,5,0,2,0,0,1.5,4.33,6.5
PRM,30.11.2020,20:00,West Ham,Aston Villa,2,1,H,1,1,D,P Bankes,6,16,2,6,20,7,3,7,1,1,0,0,2.25,3.6,3.0
PRM,05.12.2020,15:00,Man City,Fulham,2,0,H,2,0,H,J Moss,16,6,6,1,7,6,9,3,0,0,0,0,1.1,11.0,19.0
PRM,05.12.2020,17:30,West Ham,Man United,1,3,A,1,0,H,A Marriner,19,15,6,6,9,10,5,4,0,0,0,0,3.6,3.6,2.0
PRM,05.12.2020,20:00,Chelsea,Leeds,3,1,H,1,1,D,K Friend,23,8,11,3,12,9,8,4,0,2,0,0,1.5,4.5,6.0
PRM,06.12.2020,16:30,Tottenham,Arsenal,2,0,H,2,0,H,M Atkinson,6,11,3,2,16,12,3,9,1,2,0,0,1.95,3.6,3.8
PRM,07.12.2020,20:00,Brighton,Southampton,1,2,A,1,1,D,D Coote,12,10,4,3,12,12,4,3,3,3,0,0,2.45,3.4,2.9
PRM,12.12.2020,12:30,Wolves,Aston Villa,0,1,A,0,0,D,M Dean,16,13,7,2,23,15,5,8,2,5,0,0,2.25,3.25,3.25
PRM,12.12.2020,15:00,Newcastle,West Brom,2,1,H,1,0,H,D England,12,13,7,3,9,12,4,3,2,3,0,0,2.45,3.2,3.0
PRM,12.12.2020,17:30,Man United,Man City,0,0,D,0,0,D,C Kavanagh,11,9,2,2,13,6,4,3,1,1,0,0,4.33,4.2,1.72
PRM,12.12.2020,20:00,Everton,Chelsea,1,0,H,1,0,H,J Moss,9,10,4,3,10,11,6,6,2,3,0,0,4.33,4.2,1.7
PRM,13.12.2020,12:00,Southampton,Sheffield United,3,0,H,1,0,H,A Madley,16,3,6,0,8,14,8,4,0,1,0,0,1.7,3.75,5.0
PRM,13.12.2020,14:15,Crystal Palace,Tottenham,1,1,D,0,1,A,K Friend,16,14,5,6,15,11,4,7,1,1,0,0,4.5,3.9,1.72
PRM,13.12.2020,16:30,Fulham,Liverpool,1,1,D,1,0,H,A Marriner,10,12,5,6,9,5,6,8,3,1,0,0,9.0,5.5,1.3
PRM,13.12.2020,19:15,Arsenal,Burnley,0,1,A,0,0,D,G Scott,18,10,6,2,5,11,13,4,2,1,1,0,1.53,4.2,6.25
PRM,13.12.2020,19:15,Leicester,Brighton,3,0,H,3,0,H,M Atkinson,15,12,6,4,9,11,9,5,2,1,0,0,2.0,3.5,3.8
PRM,15.12.2020,20:00,Man City,West Brom,1,1,D,1,1,D,P Bankes,26,5,7,1,5,8,13,2,2,3,0,0,1.09,11.0,21.0
PRM,16.12.2020,18:00,Leeds,Newcastle,5,2,H,1,1,D,S Hooper,25,10,10,4,10,13,7,4,3,1,0,0,1.75,4.0,4.33
PRM,16.12.2020,18:00,Leicester,Everton,0,2,A,0,1,A,L Mason,14,11,2,6,12,9,4,6,2,3,0,0,2.15,3.6,3.25
PRM,16.12.2020,20:00,Fulham,Brighton,0,0,D,0,0,D,R Jones,9,9,4,4,15,11,1,8,1,0,0,0,2.87,3.3,2.5
PRM,16.12.2020,20:00,West Ham,Crystal Palace,1,1,D,0,1,A,D Coote,9,8,2,2,8,12,5,3,0,1,0,1,2.05,3.4,3.6
PRM,19.12.2020,12:30,Crystal Palace,Liverpool,0,7,A,0,3,A,J Moss,5,14,3,8,5,11,5,4,1,0,0,0,6.5,4.33,1.5
PRM,19.12.2020,15:00,Southampton,Man City,0,1,A,0,1,A,M Dean,9,11,3,5,9,11,6,6,2,2,0,0,7.0,4.5,1.44
PRM,19.12.2020,17:30,Everton,Arsenal,2,1,H,2,1,H,A Marriner,9,13,2,2,9,9,4,3,1,3,0,0,2.45,3.5,2.8
PRM,19.12.2020,20:00,Newcastle,Fulham,1,1,D,0,1,A,G Scott,12,11,5,4,7,17,2,9,1,2,0,1,2.5,3.25,2.9
PRM,20.12.2020,12:00,Brighton,Sheffield United,1,1,D,0,0,D,P Bankes,21,5,5,3,9,11,14,2,1,5,0,1,1.65,3.75,5.5
PRM,20.12.2020,19:15,West Brom,Aston Villa,0,3,A,0,1,A,M Atkinson,1,19,1,10,14,8,1,7,1,2,1,0,3.6,3.8,1.95
PRM,21.12.2020,17:30,Burnley,Wolves,2,1,H,1,0,H,L Mason,10,15,4,3,11,15,1,7,2,1,0,0,3.5,3.25,2.2
PRM,21.12.2020,20:00,Chelsea,West Ham,3,0,H,1,0,H,C Kavanagh,11,6,7,0,11,6,5,4,0,0,0,0,1.44,5.0,6.25
PRM,26.12.2020,12:30,Leicester,Man United,2,2,D,1,1,D,M Dean,10,9,2,4,10,17,5,0,2,1,0,0,2.9,3.6,2.3
PRM,26.12.2020,15:00,Fulham,Southampton,0,0,D,0,0,D,D England,10,3,1,2,15,12,6,3,2,0,0,0,3.2,3.3,2.3
PRM,26.12.2020,20:00,Man City,Newcastle,2,0,H,1,0,H,A Marriner,11,7,6,2,5,12,7,3,2,2,0,0,1.11,10.0,19.0
PRM,26.12.2020,20:00,Sheffield United,Everton,0,1,A,0,0,D,D Coote,10,7,2,3,11,10,6,3,2,4,0,0,4.2,3.6,1.85
PRM,27.12.2020,12:00,Leeds,Burnley,1,0,H,1,0,H,R Jones,11,14,4,6,8,14,4,12,0,3,0,0,1.72,4.0,4.33
PRM,27.12.2020,14:15,West Ham,Brighton,2,2,D,0,1,A,S Hooper,11,13,4,4,6,8,5,4,0,0,0,0,2.3,3.4,3.1
PRM,27.12.2020,16:30,Liverpool,West Brom,1,1,D,1,0,H,K Friend,17,5,2,3,8,5,8,3,0,1,0,0,1.11,10.0,19.0
PRM,28.12.2020,15:00,Crystal Palace,Leicester,1,1,D,0,0,D,G Scott,4,17,1,3,10,7,2,5,0,1,0,0,3.75,3.5,2.0
PRM,29.12.2020,18:00,Brighton,Arsenal,0,1,A,0,0,D,M Atkinson,13,11,2,3,11,4,5,4,2,0,0,0,3.25,3.5,2.2
PRM,29.12.2020,18:00,Burnley,Sheffield United,1,0,H,1,0,H,C Kavanagh,5,7,3,3,13,17,3,5,1,2,0,0,2.37,3.1,3.25
PRM,29.12.2020,18:00,Southampton,West Ham,0,0,D,0,0,D,A Madley,8,8,3,3,16,15,4,3,3,1,0,0,2.1,3.6,3.4
PRM,29.12.2020,18:00,West Brom,Leeds,0,5,A,0,4,A,L Mason,4,14,1,6,7,10,3,10,0,1,0,0,3.6,3.6,2.0
PRM,29.12.2020,20:00,Man United,Wolves,1,0,H,0,0,D,J Moss,11,9,3,5,11,7,2,2,1,1,0,0,1.53,4.2,6.25
PRM,01.01.2021,17:30,Everton,West Ham,0,1,A,0,0,D,K Friend,10,11,2,5,9,7,5,4,2,0,0,0,2.1,3.5,3.5
PRM,02.01.2021,12:30,Tottenham,Leeds,3,0,H,2,0,H,D Coote,20,18,7,5,15,13,3,5,2,1,1,0,1.75,4.1,4.2
PRM,02.01.2021,17:30,Brighton,Wolves,3,3,D,1,3,A,A Madley,13,11,4,4,13,8,5,8,2,1,0,0,2.62,3.25,2.75
PRM,02.01.2021,20:00,West Brom,Arsenal,0,4,A,0,2,A,M Atkinson,7,21,3,12,7,4,3,5,1,2,0,0,5.75,4.0,1.57
PRM,03.01.2021,14:15,Newcastle,Leicester,1,2,A,0,0,D,R Jones,8,9,2,3,10,11,3,6,0,2,0,0,5.25,4.2,1.61
PRM,04.01.2021,20:00,Southampton,Liverpool,1,0,H,1,0,H,A Marriner,7,17,3,1,5,12,1,10,1,3,0,0,5.0,4.33,1.61
PRM,12.01.2021,18:00,Sheffield United,Newcastle,1,0,H,0,0,D,A Madley,17,7,4,3,13,12,5,2,2,3,0,1,2.45,3.1,3.1
PRM,12.01.2021,20:15,Burnley,Man United,0,1,A,0,0,D,K Friend,11,13,0,7,15,13,3,4,1,2,0,0,7.0,4.5,1.45
PRM,12.01.2021,20:15,Wolves,Everton,1,2,A,1,1,D,M Atkinson,12,5,3,3,6,11,6,5,2,2,0,0,2.45,3.1,3.1
PRM,13.01.2021,18:00,Man City,Brighton,1,0,H,1,0,H,D England,16,5,6,1,4,12,8,4,0,2,0,0,1.14,8.5,16.0
PRM,14.01.2021,20:00,Arsenal,Crystal Palace,0,0,D,0,0,D,A Marriner,11,12,4,2,10,11,7,3,1,1,0,0,1.53,4.0,6.5
PRM,16.01.2021,15:00,Leeds,Brighton,0,1,A,0,1,A,K Friend,7,7,2,2,8,9,5,2,1,1,0,0,2.1,3.5,3.4
PRM,16.01.2021,15:00,West Ham,Burnley,1,0,H,1,0,H,C Kavanagh,15,10,4,2,12,9,7,4,2,1,0,0,1.8,3.5,4.75
PRM,16.01.2021,17:30,Fulham,Chelsea,0,1,A,0,0,D,P Bankes,10,21,3,6,11,10,1,12,2,3,1,0,6.5,4.33,1.5
PRM,17.01.2021,14:00,Sheffield United,Tottenham,1,3,A,0,2,A,A Marriner,15,14,5,5,13,4,5,7,4,0,0,0,6.25,3.75,1.6
PRM,17.01.2021,19:15,Man City,Crystal Palace,4,0,H,1,0,H,L Mason,13,2,6,0,9,8,11,1,0,0,0,0,1.14,8.5,17.0
PRM,18.01.2021,20:00,Arsenal,Newcastle,3,0,H,0,0,D,D Coote,20,4,6,1,9,8,7,2,0,0,0,0,1.4,4.5,8.0
PRM,19.01.2021,18:00,West Ham,West Brom,2,1,H,1,0,H,G Scott,14,6,6,2,10,10,3,1,0,1,0,0,1.57,4.2,5.5
PRM,20.01.2021,18:00,Man City,Aston Villa,2,0,H,0,0,D,J Moss,28,11,9,4,10,9,16,2,0,2,0,0,1.22,6.5,12.0
PRM,20.01.2021,20:15,Fulham,Man United,1,2,A,1,1,D,M Atkinson,12,15,5,5,6,10,2,8,3,1,0,0,6.0,4.33,1.53
PRM,21.01.2021,20:00,Liverpool,Burnley,0,1,A,0,0,D,M Dean,27,6,6,4,11,8,12,0,2,1,0,0,1.18,7.5,15.0
PRM,23.01.2021,20:00,Aston Villa,Newcastle,2,0,H,2,0,H,S Hooper,14,7,5,1,9,18,5,4,0,3,0,0,1.45,4.75,6.5
PRM,26.01.2021,20:15,Southampton,Arsenal,1,3,A,1,2,A,K Friend,13,9,5,5,11,6,4,5,1,2,0,0,3.5,3.6,2.05
PRM,26.01.2021,20:15,West Brom,Man City,0,5,A,0,4,A,C Kavanagh,4,18,1,7,8,8,3,8,2,0,0,0,15.0,7.5,1.18
PRM,27.01.2021,18:00,Chelsea,Wolves,0,0,D,0,0,D,A Madley,14,4,5,0,14,7,13,1,1,1,0,0,1.6,4.2,5.25
PRM,27.01.2021,20:15,Everton,Leicester,1,1,D,1,0,H,M Dean,8,19,2,6,12,10,5,11,1,1,0,0,2.8,3.3,2.55
PRM,27.01.2021,20:15,Man United,Sheffield United,1,2,A,0,1,A,P Bankes,16,5,4,3,10,12,7,2,1,1,0,0,1.25,6.0,11.0
PRM,28.01.2021,20:00,Tottenham,Liverpool,1,3,A,0,1,A,M Atkinson,3,14,2,7,9,11,1,2,1,2,0,0,3.2,3.6,2.2
PRM,30.01.2021,15:00,Crystal Palace,Wolves,1,0,H,0,0,D,S Hooper,11,6,2,4,7,10,1,6,1,2,0,0,2.87,3.2,2.55
PRM,30.01.2021,15:00,Man City,Sheffield United,1,0,H,1,0,H,D Coote,10,4,5,1,7,10,10,0,0,3,0,0,1.12,9.0,18.0
PRM,30.01.2021,20:00,Southampton,Aston Villa,0,1,A,0,1,A,L Mason,20,8,5,4,12,11,7,1,1,0,0,0,2.8,3.6,2.37
PRM,31.01.2021,12:00,Chelsea,Burnley,2,0,H,1,0,H,G Scott,19,1,8,0,7,9,4,2,0,1,0,0,1.33,5.0,9.5
PRM,31.01.2021,14:00,Leicester,Leeds,1,3,A,1,1,D,C Kavanagh,18,8,8,7,17,16,6,4,0,3,0,0,1.8,4.0,4.2
PRM,31.01.2021,16:30,West Ham,Liverpool,1,3,A,0,0,D,J Moss,8,14,2,5,7,8,6,5,2,0,0,0,4.33,4.0,1.75
PRM,31.01.2021,19:15,Brighton,Tottenham,1,0,H,1,0,H,P Bankes,16,8,5,4,11,11,9,2,2,1,0,0,3.2,3.4,2.25
PRM,02.02.2021,20:15,Man United,Southampton,9,0,H,4,0,H,M Dean,24,3,14,1,11,6,5,3,2,3,0,2,1.4,4.75,7.0
PRM,02.02.2021,20:15,Newcastle,Crystal Palace,1,2,A,1,2,A,D England,21,6,5,3,14,11,9,1,1,3,0,0,2.8,3.2,2.6
PRM,03.02.2021,18:00,Burnley,Man City,0,2,A,0,2,A,M Atkinson,2,17,0,6,8,5,1,3,2,1,0,0,13.0,7.0,1.2
PRM,03.02.2021,18:00,Fulham,Leicester,0,2,A,0,2,A,R Jones,8,9,1,5,17,10,5,2,3,1,0,0,4.0,3.5,1.9
PRM,03.02.2021,20:15,Aston Villa,West Ham,1,3,A,0,0,D,A Madley,9,20,2,10,11,15,7,3,1,1,0,0,2.2,3.4,3.25
PRM,03.02.2021,20:15,Liverpool,Brighton,0,1,A,0,0,D,K Friend,11,13,1,4,12,6,6,3,1,0,0,0,1.33,5.25,9.0
PRM,04.02.2021,20:00,Tottenham,Chelsea,0,1,A,0,1,A,A Marriner,7,18,2,2,20,14,2,7,2,3,0,0,3.5,3.4,2.1
PRM,06.02.2021,12:30,Aston Villa,Arsenal,1,0,H,1,0,H,C Kavanagh,12,14,8,3,12,12,3,7,3,2,0,0,2.62,3.5,2.6
PRM,06.02.2021,17:30,Fulham,West Ham,0,0,D,0,0,D,M Dean,20,8,2,1,11,10,7,3,1,2,0,1,3.6,3.5,2.05
PRM,06.02.2021,20:00,Man United,Everton,3,3,D,2,0,H,J Moss,14,6,5,3,14,10,5,1,2,1,0,0,1.53,4.2,6.0
PRM,07.02.2021,14:00,Wolves,Leicester,0,0,D,0,0,D,M Atkinson,13,13,1,3,11,15,8,2,1,3,0,0,3.5,3.4,2.1
PRM,07.02.2021,19:15,Sheffield United,Chelsea,1,2,A,0,1,A,K Friend,8,9,3,3,8,8,1,8,1,0,0,0,7.0,4.5,1.45
PRM,08.02.2021,20:00,Leeds,Crystal Palace,2,0,H,1,0,H,A Marriner,17,8,7,3,7,8,5,3,0,2,0,0,1.8,3.8,4.2
PRM,13.02.2021,20:00,Brighton,Aston Villa,0,0,D,0,0,D,D England,26,4,9,1,16,12,9,2,2,3,0,0,2.7,3.5,2.5
PRM,14.02.2021,12:00,Southampton,Wolves,1,2,A,1,0,H,G Scott,7,10,3,4,10,9,4,6,2,2,0,0,2.37,3.2,3.1
PRM,14.02.2021,19:00,Everton,Fulham,0,2,A,0,0,D,A Madley,7,12,2,3,7,16,5,4,1,1,0,0,1.85,3.6,4.2
PRM,15.02.2021,18:00,West Ham,Sheffield United,3,0,H,1,0,H,S Hooper,13,8,9,5,11,12,7,7,0,2,0,0,1.66,3.75,5.25
PRM,15.02.2021,20:00,Chelsea,Newcastle,2,0,H,2,0,H,P Bankes,18,10,5,4,9,13,10,5,0,0,0,0,1.22,6.5,12.0
PRM,17.02.2021,18:00,Burnley,Fulham,1,1,D,0,0,D,J Moss,8,8,3,3,7,13,5,5,1,1,0,0,2.75,3.2,2.7
PRM,17.02.2021,20:15,Everton,Man City,1,3,A,1,1,D,A Marriner,3,16,2,7,8,8,0,10,2,1,0,0,8.5,5.5,1.33
PRM,19.02.2021,20:00,Wolves,Leeds,1,0,H,0,0,D,D Coote,15,18,5,7,13,8,7,9,1,0,0,0,2.37,3.3,3.0
PRM,20.02.2021,15:00,Burnley,West Brom,0,0,D,0,0,D,M Dean,6,10,1,3,16,10,5,5,3,0,0,1,2.0,3.3,4.0
PRM,20.02.2021,17:30,Liverpool,Everton,0,2,A,0,1,A,C Kavanagh,15,9,6,6,10,10,7,2,2,1,0,0,1.44,4.5,7.0
PRM,20.02.2021,20:00,Fulham,Sheffield United,1,0,H,0,0,D,M Atkinson,15,4,7,2,11,14,6,4,1,2,0,0,2.15,3.2,3.6
PRM,21.02.2021,16:30,Arsenal,Man City,0,1,A,0,1,A,J Moss,7,15,1,3,11,9,1,3,2,2,0,0,6.5,4.33,1.5
PRM,22.02.2021,20:00,Brighton,Crystal Palace,1,2,A,0,1,A,K Friend,25,3,5,2,11,6,13,0,2,0,0,0,1.7,3.5,5.5
PRM,23.02.2021,18:00,Leeds,Southampton,3,0,H,0,0,D,A Marriner,11,13,7,5,11,13,2,4,1,2,0,0,2.25,3.5,3.1
PRM,27.02.2021,15:00,West Brom,Brighton,1,0,H,1,0,H,L Mason,6,15,2,6,11,12,7,4,0,0,0,0,4.2,3.3,1.95
PRM,27.02.2021,17:30,Leeds,Aston Villa,0,1,A,0,1,A,P Bankes,13,9,3,4,14,14,7,5,3,2,0,0,2.15,3.6,3.2
PRM,27.02.2021,20:00,Newcastle,Wolves,1,1,D,0,0,D,M Dean,19,14,7,4,11,13,3,5,2,0,0,0,3.5,3.2,2.2
PRM,28.02.2021,14:00,Tottenham,Burnley,4,0,H,3,0,H,K Friend,16,10,7,3,6,10,3,4,0,0,0,0,1.53,4.0,6.5
PRM,28.02.2021,19:15,Sheffield United,Liverpool,0,2,A,0,0,D,J Moss,8,16,2,8,9,9,4,3,0,0,0,0,8.0,5.0,1.36
PRM,01.03.2021,20:00,Everton,Southampton,1,0,H,1,0,H,M Atkinson,7,9,1,1,13,9,4,10,0,2,0,0,2.15,3.5,3.3
PRM,02.03.2021,20:00,Man City,Wolves,4,1,H,1,0,H,C Kavanagh,22,6,10,1,9,5,10,2,0,1,0,0,1.18,7.0,15.0
PRM,03.03.2021,18:00,Burnley,Leicester,1,1,D,1,1,D,A Madley,12,15,7,4,6,12,5,8,0,2,0,0,4.0,3.25,2.0
PRM,03.03.2021,18:00,Sheffield United,Aston Villa,1,0,H,1,0,H,R Jones,9,16,2,4,13,6,2,7,1,0,1,0,3.75,3.4,2.05
PRM,03.03.2021,20:15,Crystal Palace,Man United,0,0,D,0,0,D,A Marriner,8,11,2,1,4,13,4,6,1,0,0,0,8.0,4.75,1.4
PRM,04.03.2021,18:00,Fulham,Tottenham,0,1,A,0,1,A,D Coote,11,9,3,2,13,9,4,1,2,1,0,0,4.0,3.6,1.9
PRM,04.03.2021,18:00,West Brom,Everton,0,1,A,0,0,D,D England,11,11,3,3,9,7,3,3,3,1,0,0,4.33,3.6,1.83
PRM,04.03.2021,20:15,Liverpool,Chelsea,0,1,A,0,1,A,M Atkinson,7,11,1,5,9,8,5,2,0,0,0,0,2.25,3.6,3.0
PRM,06.03.2021,12:30,Burnley,Arsenal,1,1,D,1,1,D,A Marriner,9,15,5,3,5,12,2,4,1,1,0,0,5.5,4.0,1.61
PRM,06.03.2021,17:30,Aston Villa,Wolves,0,0,D,0,0,D,A Madley,9,10,1,2,13,13,5,3,1,0,0,0,2.37,3.25,3.1
PRM,07.03.2021,12:00,West Brom,Newcastle,0,0,D,0,0,D,M Atkinson,13,9,3,5,11,10,9,7,0,0,0,0,2.37,3.2,3.1
PRM,07.03.2021,14:00,Liverpool,Fulham,0,1,A,0,1,A,K Friend,16,10,3,3,10,8,9,4,2,3,0,0,1.36,5.0,8.5
PRM,08.03.2021,18:00,Chelsea,Everton,2,0,H,1,0,H,D Coote,19,7,9,1,11,12,7,3,0,3,0,0,1.53,4.0,6.5
PRM,08.03.2021,20:00,West Ham,Leeds,2,0,H,2,0,H,M Dean,16,17,5,2,9,9,6,6,1,1,0,0,2.05,3.6,3.5
PRM,10.03.2021,18:00,Man City,Southampton,5,2,H,3,1,H,J Moss,17,11,10,6,6,4,5,5,1,0,0,0,1.18,7.5,15.0
PRM,13.03.2021,12:30,Leeds,Chelsea,0,0,D,0,0,D,K Friend,7,15,4,8,16,6,8,5,3,0,0,0,4.75,4.0,1.7
PRM,13.03.2021,15:00,Crystal Palace,West Brom,1,0,H,1,0,H,S Hooper,6,12,4,1,16,15,3,2,3,1,0,0,2.15,3.2,3.6
PRM,13.03.2021,17:30,Everton,Burnley,1,2,A,1,2,A,J Moss,14,14,4,5,9,6,7,4,0,4,0,0,1.83,3.5,4.5
PRM,13.03.2021,20:00,Fulham,Man City,0,3,A,0,0,D,A Marriner,3,8,0,7,14,13,4,2,0,0,0,0,10.0,5.0,1.33
PRM,14.03.2021,14:00,Leicester,Sheffield United,5,0,H,1,0,H,P Bankes,19,1,10,0,10,9,9,1,0,2,0,0,1.5,4.2,6.5
PRM,14.03.2021,19:15,Man United,West Ham,1,0,H,0,0,D,M Atkinson,15,7,4,0,12,2,6,3,4,0,0,0,1.83,3.6,4.33
PRM,19.03.2021,20:00,Fulham,Leeds,1,2,A,1,1,D,D Coote,13,13,6,4,13,12,13,7,2,2,0,0,2.37,3.4,3.0
PRM,21.03.2021,15:00,West Ham,Arsenal,3,3,D,3,1,H,J Moss,15,16,5,7,18,8,3,5,3,1,0,0,2.8,3.5,2.45
PRM,21.03.2021,19:30,Aston Villa,Tottenham,0,2,A,0,1,A,M Dean,8,9,1,3,18,13,5,8,3,2,0,0,2.9,3.3,2.45
PRM,03.04.2021,12:30,Chelsea,West Brom,2,5,A,1,2,A,D Coote,18,14,8,7,11,6,10,3,1,1,1,0,1.22,6.0,15.0
PRM,03.04.2021,15:00,Leeds,Sheffield United,2,1,H,1,1,D,G Scott,23,9,8,1,12,13,5,7,1,2,0,0,1.5,4.33,6.5
PRM,04.04.2021,12:00,Southampton,Burnley,3,2,H,2,2,D,A Marriner,24,7,9,5,11,10,6,7,0,0,0,0,2.05,3.3,3.8
PRM,04.04.2021,16:30,Aston Villa,Fulham,3,1,H,0,0,D,A Madley,14,15,4,7,14,20,4,4,1,2,0,0,2.25,3.3,3.3
PRM,04.04.2021,19:30,Man United,Brighton,2,1,H,0,1,A,M Dean,15,5,7,3,14,7,5,6,2,2,0,0,1.61,4.0,5.5
PRM,05.04.2021,18:00,Everton,Crystal Palace,1,1,D,0,0,D,K Friend,15,13,7,6,10,10,3,4,2,0,0,0,1.75,3.5,5.0
PRM,09.04.2021,20:00,Fulham,Wolves,0,1,A,0,0,D,J Moss,14,7,3,3,11,8,3,4,0,0,0,0,2.5,3.0,3.1
PRM,10.04.2021,12:30,Man City,Leeds,1,2,A,0,1,A,A Marriner,29,2,7,2,12,15,9,3,3,1,0,1,1.28,5.75,10.0
PRM,11.04.2021,14:05,West Ham,Leicester,3,2,H,2,0,H,M Dean,4,15,4,5,7,13,1,9,3,3,0,0,3.0,3.3,2.37
PRM,11.04.2021,16:30,Tottenham,Man United,1,3,A,1,0,H,C Kavanagh,12,12,3,7,11,15,7,5,1,5,0,0,2.87,3.4,2.45
PRM,11.04.2021,19:00,Sheffield United,Arsenal,0,3,A,0,1,A,P Bankes,7,14,2,5,9,6,2,4,1,1,0,0,6.5,3.75,1.57
PRM,12.04.2021,18:00,West Brom,Southampton,3,0,H,2,0,H,S Hooper,15,14,6,4,12,11,5,10,0,1,0,0,3.6,3.3,2.1
PRM,12.04.2021,20:15,Brighton,Everton,0,0,D,0,0,D,D England,23,8,3,1,12,7,10,3,1,2,0,0,2.25,3.3,3.3
PRM,17.04.2021,12:30,Newcastle,West Ham,3,2,H,2,0,H,K Friend,16,16,8,6,9,7,3,8,2,0,0,1,3.5,3.5,2.05
PRM,17.04.2021,20:15,Wolves,Sheffield United,1,0,H,0,0,D,R Jones,10,8,5,2,8,15,3,3,1,2,0,0,1.66,3.5,5.75
PRM,18.04.2021,16:00,Man United,Burnley,3,1,H,0,0,D,J Moss,17,10,9,3,9,12,8,3,1,2,0,0,1.33,5.25,9.0
PRM,21.04.2021,18:00,Tottenham,Southampton,2,1,H,0,1,A,D Coote,12,10,3,5,10,14,5,5,2,1,0,0,1.75,3.8,4.5
PRM,21.04.2021,20:15,Aston Villa,Man City,1,2,A,1,2,A,P Bankes,8,13,3,3,12,7,1,11,0,1,1,1,9.0,4.75,1.36
PRM,22.04.2021,20:00,Leicester,West Brom,3,0,H,3,0,H,A Madley,17,4,7,1,13,12,7,3,0,2,0,0,1.53,3.8,6.0
PRM,23.04.2021,20:00,Arsenal,Everton,0,1,A,0,0,D,J Moss,14,8,3,1,13,10,7,3,1,3,0,0,2.0,3.5,3.75
PRM,24.04.2021,12:30,Liverpool,Newcastle,1,1,D,1,0,H,A Marriner,22,7,9,4,9,7,6,3,2,1,0,0,1.22,6.5,12.0
PRM,24.04.2021,17:30,West Ham,Chelsea,0,1,A,0,1,A,C Kavanagh,9,17,2,6,9,11,4,2,0,4,1,0,4.75,3.6,1.75
PRM,24.04.2021,20:00,Sheffield United,Brighton,1,0,H,1,0,H,K Friend,7,17,3,4,13,7,2,12,3,0,0,0,5.25,3.4,1.75
PRM,25.04.2021,12:00,Wolves,Burnley,0,4,A,0,3,A,D England,12,14,2,7,8,9,8,5,1,2,0,0,2.0,3.4,3.9
PRM,26.04.2021,20:00,Leicester,Crystal Palace,2,1,H,0,1,A,G Scott,13,4,5,2,13,12,7,2,0,1,0,0,1.4,4.33,8.5
PRM,30.04.2021,20:00,Southampton,Leicester,1,1,D,0,0,D,R Jones,5,23,3,9,9,13,0,10,1,0,1,0,3.8,3.8,1.9
PRM,01.05.2021,12:30,Crystal Palace,Man City,0,2,A,0,0,D,D Coote,9,20,4,3,9,10,2,6,2,0,0,0,10.0,5.0,1.33
PRM,01.05.2021,15:00,Brighton,Leeds,2,0,H,1,0,H,C Kavanagh,17,11,5,2,17,6,2,9,1,1,0,0,2.05,3.5,3.5
PRM,01.05.2021,17:30,Chelsea,Fulham,2,0,H,1,0,H,K Friend,9,10,5,3,15,8,1,8,1,1,0,0,1.44,4.4,7.5
PRM,01.05.2021,20:00,Everton,Aston Villa,1,2,A,1,1,D,S Hooper,16,13,3,5,10,13,3,6,0,2,0,0,1.95,3.6,3.8
PRM,02.05.2021,14:00,Newcastle,Arsenal,0,2,A,0,1,A,M Dean,5,19,1,5,10,9,3,7,2,1,1,0,3.6,3.6,2.0
PRM,02.05.2021,19:15,Tottenham,Sheffield United,4,0,H,1,0,H,A Marriner,20,8,11,1,8,9,6,6,1,1,0,0,1.25,6.0,12.0
PRM,07.05.2021,20:00,Leicester,Newcastle,2,4,A,0,2,A,D England,25,14,9,6,12,9,9,6,1,1,0,0,1.4,4.75,8.0
PRM,08.05.2021,15:00,Sheffield United,Crystal Palace,0,2,A,0,1,A,S Hooper,7,21,0,8,11,8,5,11,1,1,0,0,3.0,3.2,2.45
PRM,08.05.2021,20:15,Liverpool,Southampton,2,0,H,1,0,H,K Friend,14,12,6,6,10,6,8,4,0,1,0,0,1.25,6.0,11.0
PRM,09.05.2021,12:00,Wolves,Brighton,2,1,H,0,1,A,J Moss,16,5,6,3,12,7,10,5,2,2,0,2,3.3,3.3,2.2
PRM,09.05.2021,14:05,Aston Villa,Man United,1,3,A,1,0,H,C Kavanagh,11,18,5,7,13,18,5,6,1,1,1,0,4.2,3.8,1.8
PRM,09.05.2021,19:00,Arsenal,West Brom,3,1,H,2,0,H,P Bankes,15,12,7,1,7,9,6,6,1,2,0,0,1.44,4.5,7.0
PRM,10.05.2021,20:00,Fulham,Burnley,0,2,A,0,2,A,D Coote,21,14,3,5,11,10,8,4,2,0,0,0,2.2,3.4,3.3
PRM,11.05.2021,20:15,Southampton,Crystal Palace,3,1,H,1,1,D,A Madley,13,11,6,4,20,13,12,8,2,3,0,0,2.05,3.6,3.5
PRM,12.05.2021,20:15,Chelsea,Arsenal,0,1,A,0,1,A,A Marriner,19,5,5,2,7,6,9,1,0,1,0,0,1.65,4.0,5.0
PRM,13.05.2021,18:00,Aston Villa,Everton,0,0,D,0,0,D,M Atkinson,13,15,2,5,9,12,9,1,2,0,0,0,2.7,3.4,2.6
PRM,14.05.2021,20:00,Newcastle,Man City,3,4,A,2,2,D,K Friend,11,15,5,6,11,10,4,5,2,2,0,0,11.0,6.0,1.25
PRM,15.05.2021,12:30,Burnley,Leeds,0,4,A,0,1,A,G Scott,16,16,4,6,10,10,6,8,1,1,0,0,3.2,3.75,2.1
PRM,15.05.2021,20:00,Brighton,West Ham,1,1,D,0,0,D,A Marriner,10,15,2,3,7,5,3,3,1,1,0,0,2.9,3.6,2.3
PRM,16.05.2021,12:00,Crystal Palace,Aston Villa,3,2,H,1,2,A,D Coote,23,19,8,5,23,13,7,7,3,2,0,0,3.0,3.6,2.25
PRM,16.05.2021,14:05,Tottenham,Wolves,2,0,H,1,0,H,M Atkinson,24,15,13,3,8,11,10,3,1,0,0,0,1.5,4.33,6.5
PRM,16.05.2021,16:30,West Brom,Liverpool,1,2,A,1,1,D,M Dean,10,26,3,6,7,14,9,13,0,0,0,0,12.0,6.5,1.22
PRM,18.05.2021,18:00,Man United,Fulham,1,1,D,1,0,H,L Mason,13,8,6,5,10,15,6,1,2,3,0,0,1.28,6.0,9.0
PRM,18.05.2021,18:00,Southampton,Leeds,0,2,A,0,0,D,P Bankes,18,15,3,7,10,12,4,5,0,3,0,0,2.55,3.9,2.5
PRM,18.05.2021,20:15,Chelsea,Leicester,2,1,H,0,0,D,M Dean,17,7,6,3,15,16,6,5,2,4,0,0,1.7,3.75,5.0
PRM,19.05.2021,18:00,Everton,Wolves,1,0,H,0,0,D,A Madley,14,9,4,3,11,11,7,12,0,2,0,0,1.85,3.6,4.2
PRM,19.05.2021,18:00,Newcastle,Sheffield United,1,0,H,1,0,H,R Jones,16,11,5,1,7,7,5,2,0,2,0,0,1.72,3.8,4.75
PRM,19.05.2021,20:15,Burnley,Liverpool,0,3,A,0,1,A,C Kavanagh,10,20,4,3,10,7,6,7,0,0,0,0,11.0,7.0,1.22
PRM,23.05.2021,16:00,Arsenal,Brighton,2,0,H,0,0,D,J Moss,16,5,5,1,10,8,11,3,0,0,0,0,1.57,4.33,5.25
PRM,23.05.2021,16:00,Fulham,Newcastle,0,2,A,0,1,A,C Kavanagh,14,10,0,4,12,6,5,4,1,0,0,0,2.05,3.8,3.3
PRM,23.05.2021,16:00,Leeds,West Brom,3,1,H,2,0,H,D Coote,17,14,9,5,12,12,8,3,2,1,0,0,1.4,5.25,6.5
PRM,23.05.2021,16:00,Sheffield United,Burnley,1,0,H,1,0,H,K Friend,12,10,3,3,11,1,8,9,3,1,0,0,2.8,3.6,2.4
PRM,23.05.2021,16:00,West Ham,Southampton,3,0,H,2,0,H,M Atkinson,14,17,7,5,5,9,2,3,0,3,0,0,1.65,4.0,5.0
PRM,23.05.2021,16:00,Wolves,Man United,1,2,A,1,2,A,M Dean,14,9,4,4,14,3,6,2,4,1,0,0,2.5,3.5,2.7
PRM,14.08.2021,15:00,Burnley,Brighton,1,2,A,1,0,H,D Coote,14,14,3,8,10,7,7,6,2,1,0,0,3.1,3.1,2.45
PRM,14.08.2021,15:00,Chelsea,Crystal Palace,3,0,H,2,0,H,J Moss,13,4,6,1,15,11,5,2,0,0,0,0,1.25,5.75,13.0
PRM,14.08.2021,15:00,Everton,Southampton,3,1,H,0,1,A,A Madley,14,6,6,3,13,15,6,8,2,0,0,0,1.9,3.5,4.0
PRM,14.08.2021,15:00,Watford,Aston Villa,3,2,H,2,0,H,M Dean,13,11,7,2,18,13,2,4,3,1,0,0,3.1,3.2,2.37
PRM,14.08.2021,17:30,Norwich,Liverpool,0,3,A,0,1,A,A Marriner,14,19,3,8,4,14,3,11,1,1,0,0,9.0,5.75,1.3
PRM,15.08.2021,14:00,Newcastle,West Ham,2,4,A,2,1,H,M Atkinson,17,8,3,9,4,3,7,6,1,0,0,0,3.2,3.5,2.2
PRM,21.08.2021,12:30,Liverpool,Burnley,2,0,H,1,0,H,M Dean,27,9,9,3,6,12,8,4,0,0,0,0,1.18,7.5,13.0
PRM,21.08.2021,15:00,Aston Villa,Newcastle,2,0,H,1,0,H,D Coote,10,9,2,1,8,18,3,4,3,4,0,0,1.8,3.75,4.33
PRM,21.08.2021,15:00,Crystal Palace,Brentford,0,0,D,0,0,D,M Atkinson,7,14,2,3,12,9,3,5,3,1,0,0,2.55,3.2,2.87
PRM,21.08.2021,15:00,Leeds,Everton,2,2,D,1,1,D,D England,17,17,4,8,6,13,8,5,2,4,0,0,2.37,3.4,3.0
PRM,21.08.2021,15:00,Man City,Norwich,5,0,H,2,0,H,G Scott,16,1,4,0,13,7,6,1,1,0,0,0,1.08,11.0,26.0
PRM,28.08.2021,12:30,Man City,Arsenal,5,0,H,3,0,H,M Atkinson,25,1,10,0,5,7,14,0,1,2,0,1,1.25,6.0,12.0
PRM,28.08.2021,15:00,Aston Villa,Brentford,1,1,D,1,1,D,P Bankes,7,9,5,2,15,14,3,2,3,3,0,0,1.95,3.6,3.8
PRM,28.08.2021,15:00,Brighton,Everton,0,2,A,0,1,A,J Moss,14,14,3,5,7,9,4,5,1,2,0,0,2.3,3.2,3.3
PRM,28.08.2021,15:00,Norwich,Leicester,1,2,A,1,1,D,R Jones,14,9,4,3,8,9,9,9,2,1,0,0,4.5,3.5,1.85
PRM,29.08.2021,14:00,Tottenham,Watford,1,0,H,1,0,H,A Marriner,15,9,8,2,8,14,10,3,3,3,0,0,1.36,4.75,9.0
PRM,29.08.2021,16:30,Wolves,Man United,0,1,A,0,0,D,M Dean,15,10,6,3,7,9,5,7,3,4,0,0,5.0,3.5,1.75
PRM,11.09.2021,12:30,Crystal Palace,Tottenham,3,0,H,0,0,D,J Moss,18,2,4,1,13,15,8,2,2,1,0,1,4.2,3.5,1.9
PRM,11.09.2021,15:00,Brentford,Brighton,0,1,A,0,0,D,G Scott,7,4,1,2,9,12,1,6,3,2,0,0,2.8,3.2,2.62
PRM,11.09.2021,15:00,Southampton,West Ham,0,0,D,0,0,D,D Coote,11,13,3,3,10,12,5,4,3,1,0,1,2.9,3.5,2.4
PRM,11.09.2021,15:00,Watford,Wolves,0,2,A,0,0,D,P Bankes,6,14,2,5,15,13,6,8,3,3,0,0,3.4,3.2,2.25
PRM,13.09.2021,20:00,Everton,Burnley,3,1,H,0,0,D,M Atkinson,14,11,6,6,3,6,4,6,1,1,0,0,1.7,3.75,5.0
PRM,17.09.2021,20:00,Newcastle,Leeds,1,1,D,1,1,D,M Dean,17,22,7,9,9,11,4,5,2,2,0,0,3.0,3.6,2.3
PRM,18.09.2021,12:30,Wolves,Brentford,0,2,A,0,2,A,D England,11,9,0,3,10,7,4,2,4,2,0,1,1.83,3.25,5.0
PRM,18.09.2021,15:00,Liverpool,Crystal Palace,3,0,H,1,0,H,A Madley,25,13,10,2,17,11,10,5,3,1,0,0,1.2,7.0,13.0
PRM,18.09.2021,15:00,Man City,Southampton,0,0,D,0,0,D,J Moss,18,10,1,2,5,12,8,5,0,2,0,0,1.12,9.5,17.0
PRM,18.09.2021,15:00,Norwich,Watford,1,3,A,1,1,D,R Jones,12,12,5,8,10,14,4,8,1,1,0,0,2.15,3.3,3.5
PRM,19.09.2021,14:00,West Ham,Man United,1,2,A,1,1,D,M Atkinson,13,17,4,10,5,8,2,11,0,0,0,0,4.33,4.0,1.75
PRM,25.09.2021,12:30,Man United,Aston Villa,0,1,A,0,0,D,M Dean,28,7,4,3,9,13,5,5,2,2,0,0,1.36,5.25,8.0
PRM,25.09.2021,15:00,Everton,Norwich,2,0,H,1,0,H,D Coote,11,10,4,2,12,9,6,4,2,3,0,0,1.61,3.8,5.75
PRM,25.09.2021,15:00,Leeds,West Ham,1,2,A,1,0,H,K Friend,15,20,5,7,10,6,5,7,3,2,0,0,3.0,3.6,2.25
PRM,25.09.2021,15:00,Leicester,Burnley,2,2,D,1,2,A,C Kavanagh,22,9,5,3,10,8,8,4,2,4,0,0,1.57,4.0,6.0
PRM,25.09.2021,15:00,Watford,Newcastle,1,1,D,0,1,A,J Gillett,15,20,4,6,19,12,5,6,4,3,0,0,2.2,3.4,3.3
PRM,26.09.2021,14:00,Southampton,Wolves,0,1,A,0,0,D,A Madley,18,5,6,3,12,8,5,5,0,0,0,0,2.62,3.2,2.8
PRM,27.09.2021,20:00,Crystal Palace,Brighton,1,1,D,1,0,H,A Marriner,8,8,3,4,12,10,6,5,2,3,0,0,3.1,3.2,2.45
PRM,02.10.2021,15:00,Burnley,Norwich,0,0,D,0,0,D,K Friend,14,10,4,2,13,3,9,5,5,2,0,0,1.85,3.6,4.33
PRM,02.10.2021,15:00,Chelsea,Southampton,3,1,H,1,0,H,M Atkinson,20,6,9,2,11,13,7,2,1,3,0,1,1.36,4.75,9.0
PRM,02.10.2021,15:00,Leeds,Watford,1,0,H,1,0,H,S Hooper,20,5,4,1,10,16,6,3,0,3,0,0,1.7,4.0,4.75
PRM,02.10.2021,15:00,Wolves,Newcastle,2,1,H,1,1,D,G Scott,7,8,3,2,15,5,0,4,0,2,0,0,1.61,4.2,5.25
PRM,02.10.2021,17:30,Brighton,Arsenal,0,0,D,0,0,D,J Moss,21,8,2,2,8,5,8,5,2,1,0,0,3.0,3.25,2.4
PRM,03.10.2021,14:00,Tottenham,Aston Villa,2,1,H,1,0,H,C Kavanagh,17,14,8,3,11,14,5,8,2,1,0,0,2.1,3.6,3.4
PRM,03.10.2021,14:00,West Ham,Brentford,1,2,A,0,1,A,P Bankes,18,13,5,6,16,13,11,6,2,3,0,0,1.75,3.75,4.75
PRM,16.10.2021,12:30,Watford,Liverpool,0,5,A,0,2,A,J Moss,6,19,2,8,4,10,1,9,0,0,0,0,8.5,5.5,1.33
PRM,16.10.2021,15:00,Man City,Burnley,2,0,H,1,0,H,M Atkinson,15,7,6,2,11,5,6,2,1,0,0,0,1.12,9.0,19.0
PRM,16.10.2021,15:00,Norwich,Brighton,0,0,D,0,0,D,P Bankes,15,11,3,3,5,14,8,4,3,5,0,0,3.6,3.4,2.1
PRM,16.10.2021,15:00,Southampton,Leeds,1,0,H,0,0,D,D Coote,19,3,5,0,16,14,8,1,2,3,0,0,2.3,3.5,3.0
PRM,17.10.2021,16:30,Newcastle,Tottenham,2,3,A,1,3,A,A Marriner,7,14,1,4,13,4,2,9,4,1,1,0,3.5,3.6,2.05
PRM,18.10.2021,20:00,Arsenal,Crystal Palace,2,2,D,1,0,H,M Dean,17,9,6,6,7,4,6,4,1,1,0,0,1.6,3.8,6.0
PRM,23.10.2021,12:30,Chelsea,Norwich,7,0,H,3,0,H,A Madley,23,3,13,1,14,16,5,0,0,2,0,1,1.18,7.0,15.0
PRM,23.10.2021,15:00,Crystal Palace,Newcastle,1,1,D,0,0,D,D England,15,6,3,2,13,9,3,7,3,4,0,0,1.9,3.6,4.0
PRM,23.10.2021,15:00,Everton,Watford,2,5,A,1,1,D,G Scott,15,20,4,8,9,13,3,5,4,3,0,0,1.65,3.8,5.5
PRM,23.10.2021,15:00,Leeds,Wolves,1,1,D,0,1,A,R Jones,18,8,4,4,15,14,6,3,2,3,0,0,2.4,3.4,2.87
PRM,23.10.2021,15:00,Southampton,Burnley,2,2,D,1,1,D,C Kavanagh,16,9,4,5,10,11,6,2,1,3,0,0,1.95,3.5,3.9
PRM,23.10.2021,17:30,Brighton,Man City,1,4,A,0,3,A,K Friend,10,23,5,14,10,6,7,6,2,3,0,0,8.0,4.75,1.4
PRM,24.10.2021,14:00,Brentford,Leicester,1,2,A,0,1,A,S Hooper,15,10,5,6,13,7,9,2,1,1,0,0,2.62,3.3,2.7
PRM,30.10.2021,15:00,Burnley,Brentford,3,1,H,3,0,H,J Moss,15,12,6,5,7,10,4,2,1,1,0,0,2.6,3.3,2.75
PRM,30.10.2021,15:00,Liverpool,Brighton,2,2,D,2,1,H,M Dean,14,9,3,6,8,5,5,3,2,2,0,0,1.22,6.5,13.0
PRM,30.10.2021,15:00,Man City,Crystal Palace,0,2,A,0,1,A,A Marriner,14,8,3,3,11,11,7,1,2,3,1,0,1.14,8.0,19.0
PRM,30.10.2021,15:00,Watford,Southampton,0,1,A,0,1,A,P Bankes,10,12,4,1,16,6,5,8,2,2,0,0,3.2,3.3,2.3
PRM,31.10.2021,16:30,Aston Villa,West Ham,1,4,A,1,2,A,C Kavanagh,9,21,3,9,7,13,3,6,1,2,1,0,2.8,3.5,2.45
PRM,01.11.2021,20:00,Wolves,Everton,2,1,H,2,0,H,M Atkinson,10,14,4,5,10,8,4,3,1,1,0,0,2.2,3.2,3.5
PRM,05.11.2021,20:00,Southampton,Aston Villa,1,0,H,1,0,H,A Madley,9,14,3,3,12,12,10,8,2,2,0,0,1.95,3.6,3.75
PRM,06.11.2021,15:00,Brentford,Norwich,1,2,A,0,2,A,J Gillett,19,9,7,5,12,13,6,2,2,3,0,0,1.6,4.0,5.75
PRM,06.11.2021,15:00,Chelsea,Burnley,1,1,D,1,0,H,A Marriner,25,5,4,2,6,9,14,2,1,4,0,0,1.25,6.0,12.0
PRM,06.11.2021,15:00,Crystal Palace,Wolves,2,0,H,0,0,D,G Scott,13,4,6,2,14,13,4,6,2,1,0,0,2.45,3.2,3.0
PRM,06.11.2021,17:30,Brighton,Newcastle,1,1,D,1,0,H,D Coote,14,6,5,1,16,10,2,5,3,4,1,0,1.57,3.9,6.0
PRM,07.11.2021,14:00,Arsenal,Watford,1,0,H,0,0,D,K Friend,14,7,6,1,6,19,4,2,4,2,0,1,1.36,4.75,8.5
PRM,07.11.2021,14:00,Everton,Tottenham,0,0,D,0,0,D,C Kavanagh,12,8,2,0,13,17,4,2,2,4,1,0,3.1,3.25,2.37
PRM,07.11.2021,14:00,Leeds,Leicester,1,1,D,1,1,D,D England,18,9,5,3,12,5,10,5,1,1,0,0,2.8,3.5,2.45
PRM,20.11.2021,15:00,Burnley,Crystal Palace,3,3,D,2,3,A,S Hooper,15,18,9,8,14,15,3,6,2,3,0,0,2.7,3.2,2.7
PRM,20.11.2021,15:00,Newcastle,Brentford,3,3,D,2,2,D,R Jones,23,10,9,4,13,11,8,2,2,2,0,0,2.62,3.4,2.7
PRM,20.11.2021,15:00,Norwich,Southampton,2,1,H,1,1,D,M Atkinson,8,17,4,5,8,9,5,7,3,2,0,0,3.6,3.5,2.05
PRM,20.11.2021,15:00,Watford,Man United,4,1,H,2,0,H,J Moss,20,9,7,3,7,5,9,3,2,1,0,1,6.5,4.75,1.45
PRM,20.11.2021,15:00,Wolves,West Ham,1,0,H,0,0,D,M Dean,15,8,5,3,6,9,7,3,1,1,0,0,3.0,3.25,2.4
PRM,21.11.2021,16:30,Tottenham,Leeds,2,1,H,0,1,A,A Marriner,13,18,4,7,11,12,4,8,1,4,0,0,1.7,4.2,4.5
PRM,27.11.2021,15:00,Crystal Palace,Aston Villa,1,2,A,0,1,A,M Salisbury,8,10,3,3,12,10,7,3,3,3,0,0,2.2,3.4,3.3
PRM,27.11.2021,15:00,Liverpool,Southampton,4,0,H,3,0,H,A Marriner,20,7,6,3,7,14,5,7,0,1,0,0,1.28,6.0,9.0
PRM,27.11.2021,15:00,Norwich,Wolves,0,0,D,0,0,D,S Hooper,14,5,4,2,11,10,4,3,2,2,0,0,3.5,3.3,2.15
PRM,28.11.2021,14:00,Brentford,Everton,1,0,H,1,0,H,D England,6,14,4,5,8,11,3,3,4,3,0,0,2.25,3.2,3.4
PRM,28.11.2021,14:00,Leicester,Watford,4,2,H,3,1,H,A Madley,18,16,8,5,5,19,8,6,0,0,0,0,1.61,4.0,5.5
PRM,30.11.2021,19:30,Newcastle,Norwich,1,1,D,0,0,D,A Madley,9,16,1,6,8,11,2,5,0,0,0,1,1.95,3.5,3.9
PRM,30.11.2021,20:15,Leeds,Crystal Palace,1,0,H,0,0,D,K Friend,15,9,3,1,15,15,7,4,5,3,0,0,2.4,3.3,3.0
PRM,01.12.2021,19:30,Southampton,Leicester,2,2,D,2,1,H,R Jones,15,15,7,6,14,11,2,4,1,3,0,0,2.37,3.5,2.87
PRM,01.12.2021,19:30,Watford,Chelsea,1,2,A,1,1,D,D Coote,13,8,6,4,18,16,6,0,4,3,0,0,10.0,5.25,1.3
PRM,01.12.2021,19:30,West Ham,Brighton,1,1,D,1,0,H,C Kavanagh,14,9,6,3,10,8,9,5,1,1,0,0,1.95,3.6,3.8
PRM,01.12.2021,19:30,Wolves,Burnley,0,0,D,0,0,D,J Brooks,16,6,2,1,5,7,5,5,2,3,0,0,1.85,3.5,4.33
PRM,01.12.2021,20:15,Aston Villa,Man City,1,2,A,0,2,A,M Dean,9,17,3,7,8,12,4,11,0,0,0,0,9.0,5.25,1.33
PRM,02.12.2021,19:30,Tottenham,Brentford,2,0,H,1,0,H,J Moss,11,6,6,2,13,11,11,5,0,0,0,0,1.6,4.2,5.25
PRM,02.12.2021,20:15,Man United,Arsenal,3,2,H,1,1,D,M Atkinson,14,17,10,8,9,10,3,8,1,0,0,0,1.95,3.75,3.75
PRM,04.12.2021,12:30,West Ham,Chelsea,3,2,H,1,2,A,A Marriner,11,19,5,7,10,10,1,9,1,3,0,0,4.75,3.6,1.75
PRM,04.12.2021,15:00,Wolves,Liverpool,0,1,A,0,0,D,C Kavanagh,3,17,1,5,4,7,2,8,2,2,0,0,8.0,4.75,1.4
PRM,04.12.2021,17:30,Watford,Man City,1,3,A,0,2,A,S Hooper,11,26,4,13,10,7,5,11,3,0,0,0,12.0,7.0,1.2
PRM,05.12.2021,14:00,Leeds,Brentford,2,2,D,1,0,H,D Coote,13,9,6,3,11,9,5,1,5,3,0,0,1.95,3.6,3.8
PRM,05.12.2021,14:00,Tottenham,Norwich,3,0,H,1,0,H,J Gillett,17,10,7,1,11,4,6,4,1,2,0,0,1.36,5.0,8.5
PRM,06.12.2021,20:00,Everton,Arsenal,2,1,H,0,1,A,M Dean,11,10,5,3,8,12,3,3,2,2,0,0,3.4,3.5,2.1
PRM,11.12.2021,12:30,Man City,Wolves,1,0,H,0,0,D,J Moss,24,2,10,1,12,5,14,1,3,2,0,1,1.14,8.0,19.0
PRM,11.12.2021,15:00,Arsenal,Southampton,3,0,H,2,0,H,J Gillett,15,11,5,6,5,9,9,8,2,0,0,0,1.61,4.0,5.5
PRM,11.12.2021,15:00,Chelsea,Leeds,3,2,H,1,1,D,C Kavanagh,16,12,6,5,9,15,5,2,2,5,0,0,1.25,5.75,12.0
PRM,11.12.2021,17:30,Norwich,Man United,0,1,A,0,0,D,D England,11,13,5,5,6,17,8,6,1,1,0,0,7.0,4.5,1.45
PRM,12.12.2021,14:00,Burnley,West Ham,0,0,D,0,0,D,G Scott,9,16,1,3,13,11,6,4,2,1,0,0,3.6,3.6,2.0
PRM,12.12.2021,14:00,Leicester,Newcastle,4,0,H,1,0,H,P Bankes,8,12,5,3,9,16,4,6,2,3,0,0,1.66,4.1,4.75
PRM,12.12.2021,16:30,Crystal Palace,Everton,3,1,H,1,0,H,A Madley,17,12,6,6,15,14,8,2,0,2,0,0,2.3,3.2,3.3
PRM,14.12.2021,19:45,Norwich,Aston Villa,0,2,A,0,1,A,D Coote,7,17,3,6,12,9,7,10,3,1,0,0,3.3,3.3,2.25
PRM,15.12.2021,19:30,Crystal Palace,Southampton,2,2,D,1,2,A,S Hooper,9,15,6,4,16,20,4,6,2,4,0,0,2.15,3.3,3.5
PRM,16.12.2021,20:00,Liverpool,Newcastle,3,1,H,2,1,H,M Dean,23,4,8,2,9,4,11,0,1,3,0,0,1.12,9.0,19.0
PRM,18.12.2021,17:30,Leeds,Arsenal,1,4,A,0,3,A,A Marriner,9,21,2,12,11,7,1,4,3,1,0,0,3.9,3.8,1.83
PRM,19.12.2021,14:00,Newcastle,Man City,0,4,A,0,2,A,M Atkinson,5,18,1,7,9,6,3,6,1,2,0,0,13.0,7.5,1.18
PRM,19.12.2021,14:00,Wolves,Chelsea,0,0,D,0,0,D,D Coote,4,8,1,1,9,7,4,9,0,2,0,0,7.0,4.2,1.5
PRM,26.12.2021,15:00,Man City,Leicester,6,3,H,4,0,H,C Kavanagh,17,14,9,8,11,9,14,4,1,2,0,0,1.18,7.5,13.0
PRM,26.12.2021,15:00,Norwich,Arsenal,0,5,A,0,2,A,G Scott,4,16,2,6,13,7,3,5,1,2,0,0,8.0,4.75,1.4
PRM,26.12.2021,15:00,Tottenham,Crystal Palace,3,0,H,2,0,H,J Moss,17,4,6,0,16,10,4,2,1,1,0,1,1.72,3.8,4.75
PRM,26.12.2021,15:00,West Ham,Southampton,2,3,A,0,1,A,K Friend,11,11,5,6,10,9,10,2,2,3,0,0,1.8,3.9,4.2
PRM,26.12.2021,17:30,Aston Villa,Chelsea,1,3,A,1,1,D,M Atkinson,8,10,1,4,8,11,2,5,3,1,0,0,5.25,3.8,1.65
PRM,26.12.2021,20:00,Brighton,Brentford,2,0,H,2,0,H,D England,15,16,5,6,8,10,6,9,1,3,0,0,1.9,3.4,4.2
PRM,28.12.2021,15:00,Watford,West Ham,1,4,A,1,2,A,D England,14,13,5,6,12,12,4,5,0,1,0,0,3.4,3.6,2.1
PRM,29.12.2021,19:30,Chelsea,Brighton,1,1,D,1,0,H,M Dean,11,18,5,6,14,7,10,8,4,1,0,0,1.4,4.5,7.5
PRM,29.12.2021,20:15,Brentford,Man City,0,1,A,0,1,A,D Coote,6,12,2,3,12,10,3,5,0,0,0,0,19.0,8.0,1.14
PRM,30.12.2021,20:15,Man United,Burnley,3,1,H,3,1,H,J Moss,18,10,6,3,5,10,7,5,0,0,0,0,1.36,5.0,9.0
PRM,01.01.2022,15:00,Watford,Tottenham,0,1,A,0,0,D,R Jones,6,21,4,9,6,9,3,7,0,1,0,0,5.0,4.2,1.61
PRM,01.01.2022,17:30,Crystal Palace,West Ham,2,3,A,0,3,A,D England,22,10,6,5,6,16,9,1,0,2,0,0,3.1,3.4,2.3
PRM,02.01.2022,14:00,Everton,Brighton,2,3,A,0,2,A,J Brooks,17,12,6,5,5,12,8,5,1,1,0,0,2.75,3.2,2.62
PRM,03.01.2022,17:30,Man United,Wolves,0,1,A,0,0,D,M Dean,9,19,2,6,9,8,3,8,3,1,0,0,1.53,4.33,6.0
PRM,12.01.2022,19:45,West Ham,Norwich,2,0,H,1,0,H,S Hooper,13,7,5,3,9,8,11,2,0,0,0,0,1.28,5.5,10.0
PRM,14.01.2022,20:00,Brighton,Crystal Palace,1,1,D,0,0,D,R Jones,19,3,4,1,11,7,9,0,0,2,0,0,2.05,3.3,3.8
PRM,15.01.2022,15:00,Norwich,Everton,2,1,H,2,0,H,A Madley,14,12,3,5,12,14,8,8,3,1,0,0,3.75,3.5,2.0
PRM,15.01.2022,15:00,Wolves,Southampton,3,1,H,1,0,H,M Salisbury,9,13,5,10,13,14,2,10,2,3,0,0,2.25,3.2,3.4
PRM,15.01.2022,17:30,Aston Villa,Man United,2,2,D,0,1,A,D Coote,13,13,9,6,8,13,3,6,1,2,0,0,2.87,3.5,2.4
PRM,16.01.2022,14:00,Liverpool,Brentford,3,0,H,1,0,H,J Moss,27,6,13,1,6,6,9,0,0,1,0,0,1.3,5.5,10.0
PRM,16.01.2022,14:00,West Ham,Leeds,2,3,A,1,2,A,M Dean,15,18,5,5,6,9,4,3,3,2,0,0,1.61,4.2,5.0
PRM,18.01.2022,20:00,Brighton,Chelsea,1,1,D,0,1,A,K Friend,10,15,2,3,8,5,5,7,1,2,0,0,4.75,3.75,1.72
PRM,19.01.2022,19:30,Leicester,Tottenham,2,3,A,1,1,D,J Moss,14,27,4,10,6,12,3,8,1,2,0,0,3.0,3.5,2.3
PRM,19.01.2022,20:00,Brentford,Man United,1,3,A,0,0,D,A Marriner,18,13,8,5,7,9,6,9,0,0,0,0,4.5,3.7,1.8
PRM,21.01.2022,20:00,Watford,Norwich,0,3,A,0,0,D,M Dean,15,7,4,2,16,11,5,1,0,1,1,0,2.0,3.5,3.75
PRM,22.01.2022,15:00,Brentford,Wolves,1,2,A,0,0,D,P Bankes,11,7,1,2,6,7,6,3,2,3,0,0,3.2,2.8,2.6
PRM,22.01.2022,15:00,Leeds,Newcastle,0,1,A,0,0,D,C Kavanagh,13,15,4,3,9,9,6,7,4,2,0,0,2.0,3.5,3.75
PRM,22.01.2022,15:00,Man United,West Ham,1,0,H,0,0,D,J Moss,18,6,3,1,9,8,3,3,1,1,0,0,1.85,3.8,4.0
PRM,22.01.2022,17:30,Southampton,Man City,1,1,D,1,0,H,S Hooper,7,20,3,5,13,5,2,11,3,0,0,0,10.0,6.5,1.25
PRM,23.01.2022,14:00,Arsenal,Burnley,0,0,D,0,0,D,D Coote,20,10,5,1,9,13,12,4,0,2,0,0,1.36,4.75,9.0
PRM,23.01.2022,14:00,Crystal Palace,Liverpool,1,3,A,0,2,A,K Friend,8,15,5,7,12,10,2,5,4,1,0,0,6.0,4.2,1.53
PRM,23.01.2022,14:00,Leicester,Brighton,1,1,D,0,0,D,M Atkinson,15,14,5,5,6,8,4,5,0,1,0,0,2.5,3.25,2.9
PRM,08.02.2022,19:45,West Ham,Watford,1,0,H,0,0,D,M Atkinson,9,6,3,1,1,6,5,6,1,0,0,0,1.55,4.2,5.75
PRM,08.02.2022,20:00,Burnley,Man United,1,1,D,0,1,A,M Dean,9,22,3,5,11,10,2,10,2,1,0,0,5.5,4.0,1.61
PRM,09.02.2022,19:45,Man City,Brentford,2,0,H,1,0,H,D England,15,6,7,2,7,13,9,3,0,0,0,0,1.1,9.5,23.0
PRM,09.02.2022,19:45,Tottenham,Southampton,2,3,A,1,1,D,D Coote,8,23,3,10,7,13,2,8,2,3,0,0,1.6,4.0,5.5
PRM,09.02.2022,20:00,Aston Villa,Leeds,3,3,D,3,2,H,J Gillett,12,16,4,8,11,9,6,11,1,3,1,0,1.8,3.8,4.2
PRM,10.02.2022,19:45,Liverpool,Leicester,2,0,H,1,0,H,C Kavanagh,22,5,11,1,11,7,7,6,1,0,0,0,1.25,6.5,10.0
PRM,12.02.2022,15:00,Brentford,Crystal Palace,0,0,D,0,0,D,S Hooper,9,6,2,3,10,10,3,9,1,0,0,0,2.55,3.1,3.0
PRM,12.02.2022,15:00,Everton,Leeds,3,0,H,2,0,H,G Scott,21,7,10,0,8,9,5,3,1,1,0,0,2.25,3.5,3.0
PRM,12.02.2022,15:00,Watford,Brighton,0,2,A,0,1,A,J Moss,9,11,1,6,16,9,4,5,3,2,0,0,3.5,3.3,2.05
PRM,12.02.2022,17:30,Norwich,Man City,0,4,A,0,1,A,A Marriner,8,22,3,9,7,8,4,12,0,2,0,0,15.0,8.0,1.16
PRM,13.02.2022,14:00,Burnley,Liverpool,0,1,A,0,1,A,M Atkinson,8,12,5,4,7,6,5,8,0,1,0,0,10.0,5.25,1.28
PRM,13.02.2022,14:00,Tottenham,Wolves,0,2,A,0,2,A,K Friend,17,11,7,7,13,13,7,3,3,1,0,0,1.7,3.6,5.5
PRM,15.02.2022,20:15,Man United,Brighton,2,0,H,0,0,D,P Bankes,19,10,7,3,8,10,10,2,3,1,0,1,1.72,3.75,4.75
PRM,19.02.2022,12:30,West Ham,Newcastle,1,1,D,1,1,D,C Kavanagh,11,14,3,3,3,7,3,7,3,3,0,0,1.7,4.0,4.75
PRM,19.02.2022,15:00,Arsenal,Brentford,2,1,H,0,0,D,J Moss,24,6,8,2,10,5,14,0,1,1,0,0,1.44,4.2,8.0
PRM,19.02.2022,15:00,Aston Villa,Watford,0,1,A,0,0,D,R Jones,20,8,1,4,12,7,10,5,1,2,0,0,1.65,3.6,5.75
PRM,19.02.2022,15:00,Brighton,Burnley,0,3,A,0,2,A,K Friend,11,10,1,4,12,12,4,4,1,4,0,0,1.66,3.5,6.0
PRM,19.02.2022,15:00,Crystal Palace,Chelsea,0,1,A,0,0,D,D Coote,7,9,0,3,4,20,4,4,1,3,0,0,5.5,3.8,1.65
PRM,19.02.2022,15:00,Liverpool,Norwich,3,1,H,0,0,D,M Dean,29,6,8,1,7,8,9,4,0,1,0,0,1.1,9.0,23.0
PRM,19.02.2022,15:00,Southampton,Everton,2,0,H,0,0,D,A Madley,19,9,11,0,6,9,4,4,0,2,0,0,2.1,3.5,3.5
PRM,23.02.2022,19:30,Burnley,Tottenham,1,0,H,0,0,D,G Scott,15,12,4,2,8,8,3,7,0,0,0,0,4.6,3.8,1.75
PRM,23.02.2022,19:30,Watford,Crystal Palace,1,4,A,1,2,A,A Marriner,8,7,1,5,12,9,6,4,2,1,0,0,3.1,3.3,2.3
PRM,24.02.2022,19:45,Arsenal,Wolves,2,1,H,0,1,A,M Atkinson,26,6,5,2,8,9,5,4,1,1,0,0,1.65,3.8,5.5
PRM,25.02.2022,20:00,Southampton,Norwich,2,0,H,1,0,H,S Hooper,27,8,9,1,12,9,13,6,1,2,0,0,1.53,4.33,6.0
PRM,26.02.2022,15:00,Brentford,Newcastle,0,2,A,0,2,A,M Dean,6,26,1,11,9,7,6,6,3,1,1,0,2.5,3.2,3.0
PRM,26.02.2022,15:00,Crystal Palace,Burnley,1,1,D,1,0,H,J Moss,11,5,4,1,5,17,5,4,0,2,0,0,1.9,3.6,4.0
PRM,26.02.2022,15:00,Man United,Watford,0,0,D,0,0,D,K Friend,22,10,3,2,2,7,4,3,0,0,0,0,1.3,5.5,9.5
PRM,26.02.2022,15:30,Brighton,Aston Villa,0,2,A,0,1,A,J Brooks,12,9,1,4,17,11,7,2,4,5,0,0,2.2,3.3,3.5
PRM,01.03.2022,19:45,Burnley,Leicester,0,2,A,0,0,D,C Kavanagh,9,22,2,6,10,13,6,8,1,1,0,0,2.9,3.4,2.4
PRM,05.03.2022,12:30,Leicester,Leeds,1,0,H,0,0,D,D Coote,7,19,4,4,9,12,5,10,1,2,0,0,1.75,4.0,4.2
PRM,05.03.2022,15:00,Aston Villa,Southampton,4,0,H,2,0,H,P Bankes,14,11,9,1,10,8,4,7,1,1,0,0,2.3,3.5,3.0
PRM,05.03.2022,15:00,Burnley,Chelsea,0,4,A,0,0,D,A Marriner,6,11,1,5,12,7,5,2,2,0,0,0,6.5,4.33,1.5
PRM,05.03.2022,15:00,Newcastle,Brighton,2,1,H,2,0,H,M Atkinson,10,15,4,4,8,10,4,7,1,1,0,0,2.75,3.2,2.62
PRM,05.03.2022,15:00,Wolves,Crystal Palace,0,2,A,0,2,A,A Madley,12,12,5,8,13,8,7,7,0,3,0,0,2.3,3.1,3.4
PRM,05.03.2022,17:30,Liverpool,West Ham,1,0,H,1,0,H,J Moss,22,13,5,5,7,7,4,6,2,1,0,0,1.28,5.75,9.5
PRM,10.03.2022,19:30,Norwich,Chelsea,1,3,A,0,2,A,M Atkinson,9,15,3,7,8,15,3,8,0,2,0,0,11.0,4.75,1.3
PRM,10.03.2022,19:30,Southampton,Newcastle,1,2,A,1,1,D,K Friend,14,8,5,4,6,7,12,5,1,1,0,0,2.0,3.75,3.5
PRM,10.03.2022,19:30,Wolves,Watford,4,0,H,2,0,H,D England,10,9,5,0,11,10,5,2,2,2,0,0,1.75,3.6,4.5
PRM,10.03.2022,19:45,Leeds,Aston Villa,0,3,A,0,1,A,S Hooper,4,15,1,9,17,11,3,5,5,3,0,0,2.7,3.5,2.5
PRM,12.03.2022,12:30,Brighton,Liverpool,0,2,A,0,1,A,M Dean,8,18,3,9,12,15,7,6,3,1,0,0,6.0,4.33,1.5
PRM,12.03.2022,17:30,Man United,Tottenham,3,2,H,2,1,H,J Moss,10,10,6,3,8,7,4,5,2,1,0,0,2.2,3.4,3.25
PRM,13.03.2022,14:00,Chelsea,Newcastle,1,0,H,0,0,D,D Coote,8,7,3,2,17,16,7,2,4,3,0,0,1.3,5.25,11.0
PRM,13.03.2022,14:00,Southampton,Watford,1,2,A,1,2,A,G Scott,13,9,7,5,8,12,11,3,3,2,0,0,1.6,4.2,5.25
PRM,13.03.2022,14:00,West Ham,Aston Villa,2,1,H,0,0,D,J Gillett,11,13,4,7,9,3,5,7,1,0,0,0,2.25,3.3,3.3
PRM,14.03.2022,20:00,Crystal Palace,Man City,0,0,D,0,0,D,M Atkinson,7,18,1,4,6,11,2,6,3,1,0,0,10.0,5.0,1.33
PRM,16.03.2022,19:30,Brighton,Tottenham,0,2,A,0,1,A,R Jones,15,17,0,7,11,9,6,3,2,2,0,0,3.3,3.3,2.25
PRM,16.03.2022,20:15,Arsenal,Liverpool,0,2,A,0,0,D,A Marriner,9,9,2,3,9,9,1,6,0,1,0,0,3.5,4.0,1.9
PRM,18.03.2022,20:00,Wolves,Leeds,2,3,A,2,0,H,K Friend,14,15,8,6,13,14,2,5,1,4,1,0,2.1,3.5,3.4
PRM,19.03.2022,12:30,Aston Villa,Arsenal,0,1,A,0,1,A,A Madley,8,10,1,3,13,14,6,5,3,3,0,0,3.0,3.3,2.4
PRM,20.03.2022,14:00,Leicester,Brentford,2,1,H,2,0,H,D England,12,15,4,6,10,10,2,5,1,2,0,0,2.15,3.4,3.4
PRM,02.04.2022,15:00,Brighton,Norwich,0,0,D,0,0,D,S Hooper,31,6,4,0,12,11,11,2,1,1,0,0,1.5,4.0,7.0
PRM,02.04.2022,15:00,Chelsea,Brentford,1,4,A,0,0,D,A Madley,21,17,8,6,11,7,12,7,0,0,0,0,1.33,5.0,10.0
PRM,02.04.2022,15:00,Wolves,Aston Villa,2,1,H,2,0,H,D England,11,15,5,5,15,8,4,9,4,3,0,0,3.0,3.1,2.55
PRM,02.04.2022,17:30,Man United,Leicester,1,1,D,0,0,D,A Marriner,11,11,5,3,13,6,6,5,2,2,0,0,1.5,4.5,6.0
PRM,03.04.2022,16:30,Tottenham,Newcastle,5,1,H,1,1,D,M Atkinson,19,8,6,1,10,7,2,3,2,3,0,0,1.5,4.33,6.5
PRM,06.04.2022,19:30,Burnley,Everton,3,2,H,1,2,A,M Dean,13,16,4,4,11,16,9,6,2,2,0,0,2.62,3.1,2.87
PRM,08.04.2022,20:00,Newcastle,Wolves,1,0,H,0,0,D,P Bankes,12,5,4,2,6,13,1,2,1,1,0,0,2.25,3.1,3.4
PRM,09.04.2022,12:30,Everton,Man United,1,0,H,1,0,H,J Moss,7,12,3,4,4,10,5,7,2,2,0,0,4.6,3.75,1.75
PRM,09.04.2022,15:00,Arsenal,Brighton,1,2,A,0,1,A,D Coote,20,8,4,3,12,19,11,2,3,4,0,0,1.61,3.8,5.75
PRM,09.04.2022,15:00,Southampton,Chelsea,0,6,A,0,4,A,K Friend,4,24,1,14,11,10,3,3,1,0,0,0,3.8,3.6,1.95
PRM,09.04.2022,15:00,Watford,Leeds,0,3,A,0,1,A,A Marriner,8,10,1,5,8,12,3,8,2,0,0,0,2.7,3.4,2.55
PRM,09.04.2022,17:30,Aston Villa,Tottenham,0,4,A,0,1,A,G Scott,9,11,8,5,12,14,9,3,2,3,0,0,3.2,3.4,2.25
PRM,10.04.2022,14:00,Brentford,West Ham,2,0,H,0,0,D,M Atkinson,15,5,7,1,2,6,4,6,0,1,0,0,2.62,3.3,2.62
PRM,10.04.2022,14:00,Leicester,Crystal Palace,2,1,H,2,0,H,R Jones,12,11,3,3,11,12,3,4,1,1,0,0,2.37,3.3,2.9
PRM,16.04.2022,15:00,Man United,Norwich,3,2,H,2,1,H,A Madley,20,15,9,4,7,6,6,7,0,0,0,0,1.25,6.5,10.0
PRM,16.04.2022,15:00,Southampton,Arsenal,1,0,H,1,0,H,P Bankes,9,23,3,6,6,6,6,8,2,1,0,0,3.8,3.6,1.95
PRM,16.04.2022,15:00,Watford,Brentford,1,2,A,0,1,A,S Hooper,17,16,4,5,11,9,6,5,2,1,0,0,2.7,3.3,2.55
PRM,17.04.2022,14:15,Newcastle,Leicester,2,1,H,1,1,D,J Gillett,16,8,7,2,10,10,3,5,2,2,0,0,2.2,3.4,3.3
PRM,19.04.2022,20:00,Liverpool,Man United,4,0,H,2,0,H,M Atkinson,14,2,5,1,3,6,10,2,1,2,0,0,1.4,5.0,7.0
PRM,20.04.2022,19:45,Chelsea,Arsenal,2,4,A,2,2,D,J Moss,11,14,2,4,7,6,6,1,3,1,0,0,1.83,3.6,4.33
PRM,20.04.2022,19:45,Everton,Leicester,1,1,D,0,1,A,D Coote,13,11,3,3,8,17,5,4,3,1,0,0,2.25,3.4,3.25
PRM,20.04.2022,20:00,Man City,Brighton,3,0,H,0,0,D,M Dean,17,2,5,1,12,7,7,4,0,3,0,0,1.16,7.0,17.0
PRM,23.04.2022,15:00,Leicester,Aston Villa,0,0,D,0,0,D,A Madley,5,11,2,3,15,16,7,6,3,2,0,0,2.8,3.4,2.5
PRM,23.04.2022,15:00,Man City,Watford,5,1,H,3,1,H,K Friend,21,5,8,2,9,7,11,4,1,0,0,0,1.1,10.0,26.0
PRM,23.04.2022,15:00,Norwich,Newcastle,0,3,A,0,2,A,C Kavanagh,5,13,2,7,11,10,2,3,0,2,0,0,3.5,3.3,2.15
PRM,23.04.2022,17:30,Brentford,Tottenham,0,0,D,0,0,D,M Atkinson,15,9,2,0,8,7,12,8,2,1,0,0,4.33,3.5,1.85
PRM,24.04.2022,14:00,Brighton,Southampton,2,2,D,2,1,H,R Jones,8,18,5,5,12,7,6,6,1,0,0,0,2.1,3.4,3.6
PRM,25.04.2022,20:00,Crystal Palace,Leeds,0,0,D,0,0,D,D England,17,9,7,2,12,13,6,3,2,2,0,0,2.05,3.5,3.5
PRM,28.04.2022,19:45,Man United,Chelsea,1,1,D,0,0,D,M Dean,6,21,3,6,9,12,2,9,0,1,0,0,3.2,3.4,2.25
PRM,30.04.2022,12:30,Newcastle,Liverpool,0,1,A,0,1,A,A Marriner,4,24,2,10,11,11,0,6,1,3,0,0,8.5,5.0,1.36
PRM,30.04.2022,15:00,Aston Villa,Norwich,2,0,H,1,0,H,J Brooks,21,9,6,3,16,8,2,3,4,1,0,0,1.4,4.5,9.0
PRM,30.04.2022,15:00,Southampton,Crystal Palace,1,2,A,1,0,H,J Gillett,8,14,3,5,13,11,6,7,1,3,0,0,2.4,3.3,3.1
PRM,30.04.2022,15:00,Wolves,Brighton,0,3,A,0,1,A,S Hooper,11,17,1,9,6,4,7,3,2,1,0,0,2.7,3.2,2.75
PRM,01.05.2022,14:00,Everton,Chelsea,1,0,H,0,0,D,K Friend,9,17,4,5,9,12,3,8,3,5,0,0,5.0,3.6,1.75
PRM,01.05.2022,14:00,Tottenham,Leicester,3,1,H,1,0,H,J Moss,13,6,7,2,13,8,7,3,2,3,0,0,1.44,4.75,7.0
PRM,01.05.2022,16:30,West Ham,Arsenal,1,2,A,1,1,D,M Dean,8,13,3,7,8,9,3,7,2,2,0,0,4.33,3.8,1.8
PRM,02.05.2022,20:00,Man United,Brentford,3,0,H,1,0,H,C Kavanagh,9,12,5,4,4,6,3,8,1,0,0,0,1.72,4.0,4.5
PRM,07.05.2022,15:00,Brentford,Southampton,3,0,H,2,0,H,M Salisbury,18,19,5,4,12,9,4,7,0,1,0,0,2.15,3.5,3.3
PRM,07.05.2022,15:00,Burnley,Aston Villa,1,3,A,0,2,A,D Coote,14,12,6,7,13,11,4,5,1,2,0,0,3.0,3.3,2.4
PRM,07.05.2022,15:00,Chelsea,Wolves,2,2,D,0,0,D,P Bankes,19,14,6,4,7,11,9,3,1,3,0,0,1.33,5.0,9.5
PRM,07.05.2022,15:00,Crystal Palace,Watford,1,0,H,1,0,H,G Scott,15,6,7,1,11,18,8,5,2,1,0,1,1.65,4.0,5.0
PRM,07.05.2022,17:30,Brighton,Man United,4,0,H,1,0,H,A Madley,17,15,6,5,13,9,7,6,0,2,0,0,2.8,3.5,2.45
PRM,08.05.2022,14:00,Arsenal,Leeds,2,1,H,2,0,H,C Kavanagh,19,3,9,2,13,15,8,2,2,2,0,1,1.45,4.5,7.0
PRM,08.05.2022,14:00,Norwich,West Ham,0,4,A,0,3,A,R Jones,8,13,2,5,7,7,9,5,1,1,0,0,4.5,3.8,1.75
PRM,10.05.2022,20:00,Aston Villa,Liverpool,1,2,A,1,1,D,J Moss,9,17,4,6,10,12,2,3,0,0,0,0,7.5,4.75,1.4
PRM,11.05.2022,19:45,Leicester,Norwich,3,0,H,0,0,D,S Hooper,20,9,8,5,10,5,10,2,0,0,0,0,1.44,4.75,7.0
PRM,11.05.2022,19:45,Watford,Everton,0,0,D,0,0,D,M Dean,6,16,0,5,5,12,1,13,1,2,0,0,4.2,3.6,1.83
PRM,11.05.2022,20:15,Wolves,Man City,1,5,A,1,3,A,M Atkinson,7,16,3,5,2,10,6,2,0,1,0,0,11.0,6.0,1.25
PRM,15.05.2022,12:00,Tottenham,Burnley,1,0,H,1,0,H,K Friend,21,8,8,1,12,8,8,2,3,2,0,0,1.33,5.25,9.0
PRM,15.05.2022,14:00,Aston Villa,Crystal Palace,1,1,D,0,0,D,C Kavanagh,13,16,4,4,11,15,1,5,1,3,0,0,2.0,3.5,3.75
PRM,15.05.2022,14:00,Leeds,Brighton,1,1,D,0,1,A,M Dean,19,16,5,6,16,8,8,1,3,2,0,0,2.62,3.5,2.62
PRM,15.05.2022,14:00,Watford,Leicester,1,5,A,1,2,A,J Gillett,13,13,5,7,4,6,7,3,0,1,0,0,3.8,3.5,1.95
PRM,16.05.2022,20:00,Newcastle,Arsenal,2,0,H,0,0,D,D England,16,11,4,2,11,8,12,8,0,3,0,0,4.33,3.6,1.83
PRM,17.05.2022,19:45,Southampton,Liverpool,1,2,A,1,1,D,M Atkinson,4,24,2,5,6,6,1,9,2,0,0,0,7.5,5.5,1.33
PRM,22.05.2022,16:00,Arsenal,Everton,5,1,H,2,1,H,A Marriner,26,6,9,2,8,9,12,2,0,1,0,0,1.36,4.75,9.0
PRM,22.05.2022,16:00,Brighton,West Ham,3,1,H,0,1,A,K Friend,18,7,7,2,9,9,5,6,1,1,0,0,2.37,3.5,2.9
PRM,22.05.2022,16:00,Chelsea,Watford,2,1,H,1,0,H,M Dean,19,8,8,3,9,9,3,3,0,0,0,0,1.18,7.5,15.0
PRM,22.05.2022,16:00,Crystal Palace,Man United,1,0,H,1,0,H,M Atkinson,6,10,3,4,12,22,3,6,2,4,0,0,3.0,3.6,2.25
PRM,22.05.2022,16:00,Leicester,Southampton,4,1,H,0,0,D,J Moss,12,7,6,2,10,5,3,3,0,1,0,0,1.85,4.0,3.8
PRM,22.05.2022,16:00,Norwich,Tottenham,0,5,A,0,2,A,C Kavanagh,9,19,0,13,13,7,3,2,3,1,0,0,9.5,6.5,1.25
PRM,06.08.2022,12:30,Fulham,Liverpool,2,2,D,1,0,H,A Madley,9,11,3,4,7,9,4,4,2,0,0,0,11.0,6.0,1.25
PRM,06.08.2022,15:00,Bournemouth,Aston Villa,2,0,H,1,0,H,P Bankes,7,15,3,2,18,16,5,5,3,3,0,0,3.75,3.5,2.0
PRM,06.08.2022,15:00,Leeds,Wolves,2,1,H,1,1,D,R Jones,12,15,4,6,13,9,6,4,2,0,0,0,2.25,3.4,3.2
PRM,06.08.2022,15:00,Newcastle,Nott'm Forest,2,0,H,0,0,D,S Hooper,23,5,10,0,9,14,11,1,0,3,0,0,1.66,3.8,5.25
PRM,06.08.2022,15:00,Tottenham,Southampton,4,1,H,2,1,H,A Marriner,18,10,8,2,11,6,10,2,3,0,0,0,1.33,5.5,8.5
PRM,07.08.2022,14:00,Leicester,Brentford,2,2,D,1,0,H,J Gillett,14,8,5,3,6,5,5,6,0,0,0,0,2.0,3.75,3.5
PRM,13.08.2022,15:00,Arsenal,Leicester,4,2,H,2,0,H,D England,19,6,7,2,15,9,6,2,1,1,0,0,1.53,4.33,5.75
PRM,13.08.2022,15:00,Brighton,Newcastle,0,0,D,0,0,D,G Scott,13,4,7,1,8,6,7,3,2,3,0,0,2.45,3.2,3.0
PRM,13.08.2022,15:00,Man City,Bournemouth,4,0,H,3,0,H,D Coote,19,3,7,1,9,9,11,1,0,3,0,0,1.06,13.0,29.0
PRM,13.08.2022,15:00,Wolves,Fulham,0,0,D,0,0,D,J Brooks,7,9,1,3,7,14,5,3,3,3,0,0,2.3,3.3,3.2
PRM,14.08.2022,14:00,Nott'm Forest,West Ham,1,0,H,1,0,H,R Jones,13,19,6,5,10,11,6,7,4,1,0,0,4.2,3.6,1.85
PRM,20.08.2022,12:30,Tottenham,Wolves,1,0,H,0,0,D,S Hooper,11,20,4,3,10,8,8,6,2,2,0,0,1.4,4.75,7.5
PRM,20.08.2022,15:00,Crystal Palace,Aston Villa,3,1,H,1,1,D,A Madley,17,13,9,5,16,14,4,2,2,1,0,0,2.5,3.25,2.9
PRM,20.08.2022,15:00,Everton,Nott'm Forest,1,1,D,0,0,D,A Marriner,19,14,8,5,6,9,6,2,3,2,0,0,1.9,3.6,4.0
PRM,20.08.2022,15:00,Fulham,Brentford,3,2,H,2,1,H,P Bankes,18,13,9,5,13,7,6,3,3,2,0,0,2.45,3.4,2.9
PRM,20.08.2022,15:00,Leicester,Southampton,1,2,A,0,0,D,M Salisbury,6,9,1,3,11,15,2,5,2,3,0,0,1.83,4.0,4.0
PRM,21.08.2022,16:30,Newcastle,Man City,3,3,D,2,1,H,J Gillett,12,21,6,10,14,7,5,5,4,2,0,0,7.5,5.0,1.36
PRM,27.08.2022,12:30,Southampton,Man United,0,1,A,0,0,D,A Madley,17,11,5,6,4,14,5,3,0,3,0,0,4.2,4.0,1.8
PRM,27.08.2022,15:00,Brentford,Everton,1,1,D,0,1,A,J Brooks,19,14,5,7,8,8,8,5,2,2,0,0,2.0,3.5,3.75
PRM,27.08.2022,15:00,Brighton,Leeds,1,0,H,0,0,D,M Salisbury,13,10,4,2,10,14,5,3,2,3,0,0,1.9,3.8,3.8
PRM,27.08.2022,15:00,Man City,Crystal Palace,4,2,H,0,2,A,D England,18,2,5,2,14,8,6,1,1,2,0,0,1.18,7.5,13.0
PRM,27.08.2022,17:30,Arsenal,Fulham,2,1,H,0,0,D,J Gillett,22,11,8,3,6,12,9,2,2,3,0,0,1.3,5.75,9.0
PRM,28.08.2022,14:00,Aston Villa,West Ham,0,1,A,0,0,D,D Coote,9,7,3,2,10,10,3,2,2,0,0,0,2.3,3.4,3.1
PRM,28.08.2022,14:00,Wolves,Newcastle,1,1,D,1,0,H,P Bankes,10,21,4,6,10,11,4,13,2,1,0,0,2.7,3.3,2.7
PRM,30.08.2022,19:30,Crystal Palace,Brentford,1,1,D,0,0,D,S Hooper,13,9,4,3,11,8,4,6,1,2,0,0,2.05,3.4,3.6
PRM,30.08.2022,20:00,Leeds,Everton,1,1,D,0,1,A,D England,14,7,5,2,10,9,10,2,3,3,0,0,2.15,3.5,3.3
PRM,31.08.2022,19:30,Arsenal,Aston Villa,2,1,H,1,0,H,R Jones,22,4,9,3,10,14,10,3,2,3,0,0,1.45,4.5,6.0
PRM,31.08.2022,19:45,West Ham,Tottenham,1,1,D,0,1,A,P Bankes,14,13,4,4,10,9,3,4,2,5,0,0,3.6,3.8,1.95
PRM,31.08.2022,20:00,Liverpool,Newcastle,2,1,H,0,1,A,A Marriner,23,5,6,2,9,10,13,0,0,2,0,0,1.33,5.25,9.0
PRM,03.09.2022,15:00,Brentford,Leeds,5,2,H,2,1,H,R Jones,14,17,8,6,8,9,2,6,2,2,0,0,2.1,3.5,3.4
PRM,03.09.2022,15:00,Chelsea,West Ham,2,1,H,0,0,D,A Madley,8,6,3,3,6,11,10,3,4,2,0,0,1.55,4.5,5.5
PRM,03.09.2022,15:00,Newcastle,Crystal Palace,0,0,D,0,0,D,M Salisbury,23,19,6,9,19,12,13,5,2,1,0,0,2.0,3.5,3.75
PRM,03.09.2022,15:00,Wolves,Southampton,1,0,H,1,0,H,J Brooks,7,12,2,1,10,14,5,6,4,2,0,0,2.2,3.4,3.25
PRM,03.09.2022,17:30,Aston Villa,Man City,1,1,D,0,0,D,S Hooper,3,13,1,4,7,6,1,4,2,0,0,0,8.0,5.5,1.33
PRM,16.09.2022,20:00,Nott'm Forest,Fulham,2,3,A,1,0,H,J Gillett,11,15,3,7,11,10,2,10,2,4,0,0,2.75,3.3,2.62
PRM,17.09.2022,17:30,Tottenham,Leicester,6,2,H,2,2,D,S Hooper,16,19,11,7,9,9,6,1,1,2,0,0,1.45,4.5,7.0
PRM,18.09.2022,12:00,Brentford,Arsenal,0,3,A,0,2,A,D Coote,5,13,2,7,10,10,3,3,0,2,0,0,4.2,3.8,1.8
PRM,01.10.2022,15:00,Crystal Palace,Chelsea,1,2,A,1,1,D,C Kavanagh,7,13,3,3,11,13,5,2,1,3,0,0,4.2,3.6,1.85
PRM,01.10.2022,15:00,Fulham,Newcastle,1,4,A,0,3,A,D England,3,19,1,10,9,10,1,8,2,0,1,0,3.0,3.4,2.37
PRM,01.10.2022,15:00,Liverpool,Brighton,3,3,D,1,2,A,A Madley,15,6,7,6,9,13,9,2,1,1,0,0,1.33,5.25,8.5
PRM,01.10.2022,15:00,Southampton,Everton,1,2,A,0,0,D,A Marriner,22,12,6,5,11,10,7,6,2,2,0,0,2.15,3.4,3.4
PRM,03.10.2022,20:00,Leicester,Nott'm Forest,4,0,H,3,0,H,R Jones,17,10,7,3,13,12,6,6,2,4,0,0,1.75,4.0,4.33
PRM,08.10.2022,15:00,Bournemouth,Leicester,2,1,H,0,1,A,M Salisbury,10,9,4,5,8,16,7,2,1,2,0,0,3.6,3.4,2.05
PRM,08.10.2022,15:00,Chelsea,Wolves,3,0,H,1,0,H,S Hooper,20,8,7,2,8,8,4,2,2,0,0,0,1.4,4.5,8.0
PRM,08.10.2022,15:00,Man City,Southampton,4,0,H,2,0,H,A Madley,21,5,8,0,4,8,9,1,0,1,0,0,1.11,10.0,17.0
PRM,08.10.2022,15:00,Newcastle,Brentford,5,1,H,2,0,H,J Brooks,16,6,6,3,14,9,9,5,0,1,0,0,1.83,3.8,4.2
PRM,09.10.2022,14:00,West Ham,Fulham,3,1,H,1,1,D,C Kavanagh,17,8,8,2,9,7,4,2,1,3,0,0,1.72,3.8,4.75
PRM,09.10.2022,19:00,Everton,Man United,1,2,A,1,2,A,D Coote,11,12,2,4,7,13,5,4,2,1,0,0,3.6,3.5,2.05
PRM,14.10.2022,20:00,Brentford,Brighton,2,0,H,1,0,H,M Salisbury,7,21,3,7,12,15,2,11,3,1,0,0,3.1,3.4,2.3
PRM,15.10.2022,12:30,Leicester,Crystal Palace,0,0,D,0,0,D,A Madley,14,8,5,1,18,13,9,2,2,2,0,0,2.3,3.4,3.1
PRM,15.10.2022,15:00,Fulham,Bournemouth,2,2,D,1,2,A,G Scott,19,10,4,6,9,11,5,6,2,0,0,0,1.85,3.75,4.0
PRM,16.10.2022,14:00,Aston Villa,Chelsea,0,2,A,0,1,A,R Jones,18,8,7,4,12,11,7,1,0,3,0,0,4.33,3.75,1.8
PRM,16.10.2022,14:00,Leeds,Arsenal,0,1,A,0,1,A,C Kavanagh,16,9,4,4,10,11,6,3,0,2,0,0,6.0,4.2,1.55
PRM,16.10.2022,14:00,Southampton,West Ham,1,1,D,1,0,H,P Bankes,10,25,8,4,7,3,4,14,1,1,0,0,2.9,3.4,2.4
PRM,18.10.2022,19:30,Brighton,Nott'm Forest,0,0,D,0,0,D,D England,19,3,7,0,10,14,9,1,3,1,0,0,1.4,4.75,7.0
PRM,18.10.2022,20:15,Crystal Palace,Wolves,2,1,H,0,1,A,D Coote,14,10,4,4,14,18,4,3,3,1,0,0,2.25,3.1,3.4
PRM,19.10.2022,19:30,Bournemouth,Southampton,0,1,A,0,1,A,J Brooks,15,9,3,3,8,13,7,3,1,3,0,0,2.62,3.3,2.62
PRM,19.10.2022,19:30,Brentford,Chelsea,0,0,D,0,0,D,J Gillett,8,14,5,5,7,7,6,2,0,0,0,0,4.75,3.8,1.72
PRM,19.10.2022,20:15,Man United,Tottenham,2,0,H,0,0,D,S Hooper,28,9,10,2,7,7,8,3,1,0,0,0,2.45,3.5,2.75
PRM,20.10.2022,20:15,Leicester,Leeds,2,0,H,2,0,H,P Bankes,5,14,1,2,15,11,2,9,2,1,0,0,2.25,3.6,3.0
PRM,22.10.2022,15:00,Everton,Crystal Palace,3,0,H,1,0,H,S Hooper,9,9,6,2,16,14,3,4,3,4,0,0,2.6,3.2,2.87
PRM,23.10.2022,14:00,Aston Villa,Brentford,4,0,H,3,0,H,D England,19,12,11,3,14,11,7,6,1,0,0,0,2.1,3.5,3.5
PRM,23.10.2022,14:00,Southampton,Arsenal,1,1,D,0,1,A,R Jones,10,12,3,3,11,8,9,4,2,1,0,0,6.0,4.0,1.57
PRM,23.10.2022,16:30,Tottenham,Newcastle,1,2,A,0,2,A,J Gillett,17,13,5,5,12,6,6,7,4,2,0,0,2.05,3.5,3.5
PRM,24.10.2022,20:00,West Ham,Bournemouth,2,0,H,1,0,H,D Coote,20,5,4,3,9,11,5,0,0,2,0,0,1.55,4.0,6.0
PRM,29.10.2022,12:30,Leicester,Man City,0,1,A,0,0,D,R Jones,10,15,5,5,5,10,3,10,0,0,0,0,10.0,6.5,1.25
PRM,29.10.2022,15:00,Brighton,Chelsea,4,1,H,3,0,H,A Madley,19,15,9,7,16,6,8,7,1,2,0,0,3.0,3.3,2.4
PRM,29.10.2022,15:00,Crystal Palace,Southampton,1,0,H,1,0,H,M Salisbury,12,14,3,4,13,12,8,4,3,3,0,0,1.9,3.6,4.0
PRM,29.10.2022,17:30,Fulham,Everton,0,0,D,0,0,D,J Brooks,24,9,6,4,10,8,13,4,2,1,0,0,2.37,3.4,3.0
PRM,30.10.2022,14:00,Arsenal,Nott'm Forest,5,0,H,1,0,H,S Hooper,24,5,10,2,9,8,9,4,0,1,0,0,1.2,7.0,12.0
PRM,30.10.2022,16:15,Man United,West Ham,1,0,H,1,0,H,C Kavanagh,16,13,3,5,12,10,5,10,1,3,0,0,1.66,4.0,4.8
PRM,05.11.2022,15:00,Man City,Fulham,2,1,H,1,1,D,D England,16,4,5,2,6,11,9,0,2,4,1,0,1.11,9.5,19.0
PRM,05.11.2022,15:00,Nott'm Forest,Brentford,2,2,D,1,1,D,A Marriner,15,6,7,2,10,11,3,3,2,2,0,0,2.75,3.3,2.6
PRM,05.11.2022,15:00,Wolves,Brighton,2,3,A,2,2,D,G Scott,8,19,5,8,15,11,4,9,2,0,1,0,3.3,3.3,2.25
PRM,05.11.2022,17:30,Everton,Leicester,0,2,A,0,1,A,D Coote,12,22,2,8,9,5,8,3,0,0,0,0,2.4,3.3,3.0
PRM,06.11.2022,16:30,Tottenham,Liverpool,1,2,A,0,2,A,A Madley,14,13,5,6,10,8,5,3,0,0,0,0,3.3,3.6,2.1
PRM,12.11.2022,12:30,Man City,Brentford,1,2,A,1,1,D,P Bankes,29,10,6,8,9,7,10,2,2,2,0,0,1.14,8.0,17.0
PRM,12.11.2022,15:00,Liverpool,Southampton,3,1,H,3,1,H,S Hooper,15,9,7,5,8,8,6,0,0,2,0,0,1.25,6.5,11.0
PRM,12.11.2022,15:00,Nott'm Forest,Crystal Palace,1,0,H,0,0,D,J Brooks,9,8,2,0,11,13,1,5,1,4,0,0,3.1,3.1,2.45
PRM,12.11.2022,15:00,Tottenham,Leeds,4,3,H,1,2,A,M Salisbury,14,12,8,5,8,7,9,2,1,1,0,1,1.65,4.2,4.75
PRM,12.11.2022,15:00,West Ham,Leicester,0,2,A,0,1,A,J Gillett,18,9,6,6,9,8,7,2,3,1,0,0,2.05,3.4,3.75
PRM,12.11.2022,17:30,Newcastle,Chelsea,1,0,H,0,0,D,R Jones,10,5,3,2,14,11,5,3,3,2,0,0,2.35,3.4,3.0
PRM,13.11.2022,14:00,Brighton,Aston Villa,1,2,A,1,1,D,C Kavanagh,7,8,2,2,14,11,11,4,2,7,0,0,1.83,3.75,4.2
PRM,26.12.2022,12:30,Brentford,Tottenham,2,2,D,1,0,H,D Coote,9,16,5,8,11,10,6,5,3,1,0,0,4.0,3.6,1.91
PRM,26.12.2022,15:00,Crystal Palace,Fulham,0,3,A,0,1,A,A Madley,4,23,0,11,12,15,1,8,0,0,2,0,2.05,3.6,3.5
PRM,26.12.2022,15:00,Leicester,Newcastle,0,3,A,0,3,A,J Gillett,8,12,2,5,9,6,5,5,0,0,0,0,3.25,3.5,2.2
PRM,26.12.2022,15:00,Southampton,Brighton,1,3,A,0,2,A,R Jones,14,7,4,4,9,10,4,2,1,2,0,0,3.3,3.5,2.15
PRM,27.12.2022,17:30,Chelsea,Bournemouth,2,0,H,2,0,H,S Hooper,15,9,5,4,8,10,6,8,0,0,0,0,1.3,5.5,10.0
PRM,30.12.2022,19:45,West Ham,Brentford,0,2,A,0,2,A,D England,20,9,5,6,9,5,8,1,1,0,0,0,2.0,3.6,3.6
PRM,31.12.2022,12:30,Wolves,Man United,0,1,A,0,0,D,R Jones,10,16,3,6,11,11,7,5,1,3,0,0,4.0,3.6,1.91
PRM,31.12.2022,15:00,Bournemouth,Crystal Palace,0,2,A,0,2,A,A Marriner,6,15,2,6,17,11,2,7,4,1,0,0,2.8,3.3,2.5
PRM,31.12.2022,15:00,Fulham,Southampton,2,1,H,1,0,H,G Scott,8,9,2,3,8,13,4,4,0,1,0,0,1.95,3.6,3.75
PRM,31.12.2022,15:00,Man City,Everton,1,1,D,1,0,H,A Madley,16,2,3,1,13,14,7,1,3,4,0,0,1.13,9.0,19.0
PRM,31.12.2022,15:00,Newcastle,Leeds,0,0,D,0,0,D,S Hooper,16,8,5,1,13,19,9,3,3,5,0,0,1.45,4.5,7.0
PRM,01.01.2023,14:00,Tottenham,Aston Villa,0,2,A,0,0,D,J Brooks,6,13,2,4,15,10,5,3,4,3,0,0,1.67,4.0,5.0
PRM,01.01.2023,16:30,Nott'm Forest,Chelsea,1,1,D,0,1,A,P Bankes,12,7,5,2,16,14,1,2,2,2,0,0,5.0,3.8,1.7
PRM,03.01.2023,19:45,Arsenal,Newcastle,0,0,D,0,0,D,A Madley,17,8,4,1,10,16,5,5,4,4,0,0,1.8,3.8,4.33
PRM,03.01.2023,19:45,Everton,Brighton,1,4,A,0,1,A,A Marriner,10,19,4,8,8,10,5,2,3,1,0,0,3.5,3.5,2.1
PRM,03.01.2023,20:00,Man United,Bournemouth,3,0,H,1,0,H,M Salisbury,18,7,6,4,13,7,6,5,0,3,0,0,1.29,5.5,11.0
PRM,04.01.2023,19:45,Leeds,West Ham,2,2,D,1,1,D,D Coote,14,15,6,2,11,18,8,1,3,1,0,0,2.6,3.5,2.6
PRM,04.01.2023,20:00,Aston Villa,Wolves,1,1,D,0,1,A,J Gillett,13,10,4,3,6,12,7,8,1,3,0,0,1.95,3.6,4.0
PRM,12.01.2023,20:00,Fulham,Chelsea,2,1,H,1,0,H,D Coote,8,20,3,10,12,16,5,7,4,3,0,1,3.3,3.5,2.15
PRM,14.01.2023,15:00,Brighton,Liverpool,3,0,H,0,0,D,D England,16,6,9,2,8,15,7,1,1,3,0,0,3.4,3.6,2.1
PRM,14.01.2023,15:00,Everton,Southampton,1,2,A,1,0,H,J Brooks,12,13,4,5,7,19,6,4,0,3,0,0,2.25,3.25,3.3
PRM,14.01.2023,15:00,Wolves,West Ham,1,0,H,0,0,D,S Hooper,17,16,4,4,10,7,4,3,0,2,0,0,2.63,3.3,2.7
PRM,14.01.2023,17:30,Brentford,Bournemouth,2,0,H,1,0,H,J Gillett,12,7,4,2,5,9,5,3,1,1,0,0,1.65,4.0,5.25
PRM,15.01.2023,14:00,Chelsea,Crystal Palace,1,0,H,0,0,D,P Bankes,15,10,5,5,10,17,11,7,2,5,0,0,1.62,4.0,5.25
PRM,15.01.2023,14:00,Newcastle,Fulham,1,0,H,0,0,D,R Jones,20,5,5,0,6,14,10,5,1,3,0,0,1.5,4.33,6.5
PRM,18.01.2023,20:00,Crystal Palace,Man United,1,1,D,0,1,A,R Jones,10,15,5,4,9,10,3,3,1,2,0,0,4.5,3.6,1.8
PRM,19.01.2023,20:00,Man City,Tottenham,4,2,H,0,2,A,S Hooper,16,9,6,3,10,14,8,3,1,2,0,0,1.36,5.0,8.5
PRM,21.01.2023,15:00,Bournemouth,Nott'm Forest,1,1,D,1,0,H,A Madley,16,20,4,5,10,7,4,6,1,2,0,0,2.75,3.1,2.75
PRM,21.01.2023,15:00,Southampton,Aston Villa,0,1,A,0,0,D,M Salisbury,8,16,5,5,19,9,2,2,1,2,0,0,2.88,3.25,2.55
PRM,22.01.2023,14:00,Leeds,Brentford,0,0,D,0,0,D,P Bankes,9,6,5,0,10,18,2,3,2,2,0,0,2.38,3.6,2.88
PRM,22.01.2023,14:00,Man City,Wolves,3,0,H,1,0,H,D Coote,13,10,7,1,10,10,5,7,1,2,0,0,1.2,8.0,11.0
PRM,04.02.2023,12:30,Everton,Arsenal,1,0,H,0,0,D,D Coote,12,15,4,3,13,8,7,5,4,1,0,0,8.5,4.5,1.4
PRM,04.02.2023,15:00,Aston Villa,Leicester,2,4,A,2,3,A,D England,19,9,4,5,10,10,11,3,0,2,0,0,1.95,3.6,3.8
PRM,04.02.2023,15:00,Man United,Crystal Palace,2,1,H,1,0,H,A Marriner,14,10,5,3,9,9,5,5,1,2,1,0,1.4,4.75,8.0
PRM,04.02.2023,17:30,Newcastle,West Ham,1,1,D,1,1,D,P Bankes,8,10,2,1,11,13,4,2,2,1,0,0,1.6,3.8,6.0
PRM,05.02.2023,14:00,Nott'm Forest,Leeds,1,0,H,1,0,H,R Jones,6,10,2,4,15,14,0,2,4,2,0,0,2.63,3.3,2.7
PRM,05.02.2023,16:30,Tottenham,Man City,1,0,H,1,0,H,A Madley,12,15,3,5,19,14,4,6,2,3,1,0,4.33,4.2,1.73
PRM,08.02.2023,20:00,Man United,Leeds,2,2,D,0,1,A,S Hooper,24,8,7,2,7,11,6,5,1,3,0,0,1.45,5.0,6.0
PRM,11.02.2023,15:00,Arsenal,Brentford,1,1,D,0,0,D,P Bankes,23,9,7,2,9,9,7,4,0,2,0,0,1.44,4.75,7.0
PRM,11.02.2023,15:00,Fulham,Nott'm Forest,2,0,H,1,0,H,A Madley,16,10,3,1,9,11,5,4,0,1,0,0,1.91,3.5,4.33
PRM,11.02.2023,15:00,Leicester,Tottenham,4,1,H,3,1,H,M Salisbury,15,11,7,4,14,9,1,5,5,2,0,0,3.4,3.6,2.1
PRM,11.02.2023,15:00,Southampton,Wolves,1,2,A,1,0,H,J Gillett,17,11,2,2,12,14,5,2,2,2,0,1,2.9,3.2,2.55
PRM,12.02.2023,16:30,Man City,Aston Villa,3,1,H,3,0,H,R Jones,17,6,9,2,13,14,8,4,1,2,0,0,1.25,6.5,11.0
PRM,13.02.2023,20:00,Liverpool,Everton,2,0,H,1,0,H,S Hooper,15,6,6,1,8,16,3,3,1,3,0,0,1.5,4.33,6.5
PRM,18.02.2023,12:30,Aston Villa,Arsenal,2,4,A,2,1,H,S Hooper,7,20,5,5,13,4,2,9,2,1,0,0,4.5,3.6,1.5
PRM,18.02.2023,15:00,Brighton,Fulham,0,1,A,0,0,D,D England,21,5,7,2,12,14,10,2,0,5,0,0,1.65,3.8,5.5
PRM,18.02.2023,15:00,Chelsea,Southampton,0,1,A,0,1,A,D Coote,17,8,5,5,16,24,8,2,3,6,0,0,1.4,4.75,8.5
PRM,18.02.2023,15:00,Everton,Leeds,1,0,H,0,0,D,A Madley,15,8,6,0,8,6,6,4,2,3,0,0,2.4,3.3,3.0
PRM,18.02.2023,15:00,Nott'm Forest,Man City,1,1,D,0,1,A,G Scott,4,26,1,6,8,6,0,10,1,0,0,0,8.5,5.5,1.3
PRM,18.02.2023,15:00,Wolves,Bournemouth,0,1,A,0,0,D,M Salisbury,15,5,4,1,12,10,12,2,3,3,0,0,1.67,3.6,6.0
PRM,25.02.2023,15:00,Leeds,Southampton,1,0,H,0,0,D,P Bankes,14,8,4,2,15,13,9,2,2,4,0,0,1.95,3.5,4.0
PRM,25.02.2023,15:00,West Ham,Nott'm Forest,4,0,H,0,0,D,J Gillett,18,8,5,3,8,5,12,3,0,0,0,0,1.75,3.6,5.0
PRM,25.02.2023,19:45,Crystal Palace,Liverpool,0,0,D,0,0,D,D England,6,12,0,4,11,14,5,3,2,5,0,0,4.75,3.8,1.73
PRM,04.03.2023,12:30,Man City,Newcastle,2,0,H,1,0,H,S Hooper,11,5,3,2,8,13,8,4,2,4,0,0,1.45,4.5,7.0
PRM,04.03.2023,15:00,Arsenal,Bournemouth,3,2,H,0,1,A,C Kavanagh,31,4,9,4,6,8,17,1,0,2,0,0,1.22,7.0,12.0
PRM,04.03.2023,17:30,Southampton,Leicester,1,0,H,1,0,H,R Jones,11,11,5,0,12,11,3,4,4,2,0,0,2.75,3.3,2.6
PRM,05.03.2023,14:00,Nott'm Forest,Everton,2,2,D,1,2,A,J Brooks,10,10,4,3,11,17,3,3,3,5,0,0,2.7,3.0,2.88
PRM,05.03.2023,16:30,Liverpool,Man United,7,0,H,1,0,H,A Madley,18,8,8,4,13,14,4,3,2,3,0,0,2.38,3.6,2.88
PRM,11.03.2023,12:30,Bournemouth,Liverpool,1,0,H,1,0,H,J Brooks,5,15,2,6,7,9,3,8,2,1,0,0,7.5,5.0,1.4
PRM,11.03.2023,15:00,Everton,Brentford,1,0,H,1,0,H,S Hooper,13,12,6,4,11,12,5,8,2,1,0,0,2.7,3.25,2.7
PRM,11.03.2023,15:00,Leicester,Chelsea,1,3,A,1,2,A,A Marriner,17,12,7,6,10,11,2,5,1,2,1,0,3.75,3.5,1.95
PRM,11.03.2023,17:30,Crystal Palace,Man City,0,1,A,0,0,D,R Jones,4,14,0,4,11,17,2,6,2,2,0,0,9.0,4.75,1.36
PRM,12.03.2023,14:00,Fulham,Arsenal,0,3,A,0,3,A,D Coote,12,15,2,7,10,9,4,8,0,1,0,0,6.0,4.0,1.57
PRM,12.03.2023,14:00,West Ham,Aston Villa,1,1,D,1,1,D,C Kavanagh,17,12,6,4,8,6,13,2,1,0,0,0,2.2,3.3,3.4
PRM,12.03.2023,16:30,Newcastle,Wolves,2,1,H,1,0,H,A Madley,19,7,8,4,11,10,10,3,1,2,0,0,1.65,3.75,5.5
PRM,15.03.2023,19:30,Brighton,Crystal Palace,1,0,H,1,0,H,P Bankes,11,11,5,3,13,20,1,4,1,2,0,0,1.44,4.2,8.0
PRM,15.03.2023,19:30,Southampton,Brentford,0,2,A,0,1,A,M Salisbury,7,11,1,5,14,10,3,3,1,2,0,0,2.88,3.25,2.5
PRM,18.03.2023,15:00,Aston Villa,Bournemouth,3,0,H,1,0,H,R Jones,20,10,9,3,8,13,9,6,1,4,0,0,1.7,3.8,5.0
PRM,18.03.2023,15:00,Southampton,Tottenham,3,3,D,0,1,A,S Hooper,19,17,7,3,13,8,10,3,1,1,0,0,4.75,3.6,1.75
PRM,18.03.2023,15:00,Wolves,Leeds,2,4,A,0,1,A,M Salisbury,23,11,8,4,15,9,5,4,3,5,1,0,2.25,3.2,3.3
PRM,18.03.2023,17:30,Chelsea,Everton,2,2,D,0,0,D,D England,20,12,7,3,8,12,8,2,2,2,0,0,1.5,4.2,7.5
PRM,01.04.2023,12:30,Man City,Liverpool,4,1,H,1,1,D,S Hooper,17,4,8,1,9,12,7,1,1,1,0,0,1.62,4.2,5.0
PRM,01.04.2023,15:00,Arsenal,Leeds,4,1,H,1,0,H,D England,13,7,6,5,11,13,4,3,0,2,0,0,1.29,6.0,9.0
PRM,01.04.2023,15:00,Bournemouth,Fulham,2,1,H,0,1,A,P Bankes,12,10,7,2,15,13,4,3,1,4,0,0,2.55,3.3,2.8
PRM,01.04.2023,15:00,Nott'm Forest,Wolves,1,1,D,1,0,H,C Kavanagh,17,8,7,1,14,13,4,3,3,5,0,0,3.0,3.1,2.55
PRM,01.04.2023,17:30,Chelsea,Aston Villa,0,2,A,0,1,A,A Madley,27,5,8,2,14,16,13,2,3,3,0,0,1.67,3.8,5.25
PRM,03.04.2023,20:00,Everton,Tottenham,1,1,D,0,0,D,D Coote,15,8,6,2,10,14,3,3,0,3,1,1,3.4,3.3,2.2
PRM,04.04.2023,19:45,Leeds,Nott'm Forest,2,1,H,2,1,H,R Jones,21,13,6,1,11,13,11,4,1,4,0,0,1.7,3.75,5.0
PRM,04.04.2023,19:45,Leicester,Aston Villa,1,2,A,1,1,D,G Scott,9,15,4,5,10,14,4,8,2,0,1,0,2.55,3.3,2.75
PRM,05.04.2023,20:00,Man United,Brentford,1,0,H,1,0,H,J Brooks,18,6,3,1,8,13,12,3,3,2,0,0,1.65,4.0,5.0
PRM,08.04.2023,15:00,Brentford,Newcastle,1,2,A,1,0,H,C Kavanagh,12,10,6,4,10,15,6,5,0,0,0,0,3.6,3.4,2.05
PRM,08.04.2023,15:00,Fulham,West Ham,0,1,A,0,1,A,J Gillett,16,9,3,5,10,12,11,4,1,1,0,0,2.8,3.25,2.63
PRM,08.04.2023,15:00,Leicester,Bournemouth,0,1,A,0,1,A,D Coote,14,19,4,7,10,13,6,6,0,3,0,0,1.83,3.75,4.2
PRM,08.04.2023,15:00,Wolves,Chelsea,1,0,H,1,0,H,P Bankes,9,13,4,1,14,10,8,8,2,5,0,0,4.2,3.5,1.91
PRM,08.04.2023,17:30,Southampton,Man City,1,4,A,0,1,A,R Jones,4,13,1,8,6,10,0,10,0,2,0,0,11.0,6.0,1.25
PRM,09.04.2023,14:00,Leeds,Crystal Palace,1,5,A,1,1,D,S Hooper,11,16,7,8,11,8,2,4,3,1,0,0,2.1,3.4,3.6
PRM,15.04.2023,12:30,Aston Villa,Newcastle,3,0,H,1,0,H,J Brooks,16,8,6,2,13,15,7,2,1,1,0,0,3.6,3.4,2.05
PRM,15.04.2023,15:00,Chelsea,Brighton,1,2,A,1,1,D,R Jones,8,26,2,10,11,11,2,8,2,2,0,0,2.63,3.4,2.63
PRM,15.04.2023,15:00,Tottenham,Bournemouth,2,3,A,1,1,D,A Madley,24,6,8,6,8,9,8,1,1,2,0,0,1.45,4.5,7.0
PRM,15.04.2023,17:30,Man City,Leicester,3,1,H,3,0,H,D England,12,10,4,4,8,8,6,2,1,1,0,0,1.14,8.5,15.0
PRM,16.04.2023,14:00,West Ham,Arsenal,2,2,D,1,2,A,D Coote,16,11,3,5,11,8,7,2,1,2,0,0,6.0,4.2,1.55
PRM,16.04.2023,16:30,Nott'm Forest,Man United,0,2,A,0,1,A,S Hooper,6,22,0,8,9,9,4,9,2,2,0,0,5.5,4.0,1.62
PRM,21.04.2023,20:00,Arsenal,Southampton,3,3,D,1,2,A,S Hooper,25,8,6,6,10,14,7,2,1,5,0,0,1.2,7.0,13.0
PRM,22.04.2023,12:30,Fulham,Leeds,2,1,H,0,0,D,P Bankes,12,10,5,2,10,15,8,6,1,4,0,0,2.3,3.4,3.1
PRM,22.04.2023,15:00,Brentford,Aston Villa,1,1,D,0,0,D,M Salisbury,6,14,5,2,12,8,8,4,3,2,0,0,2.5,3.25,2.88
PRM,22.04.2023,15:00,Crystal Palace,Everton,0,0,D,0,0,D,J Brooks,12,10,2,5,12,14,8,1,1,1,0,1,2.05,3.2,3.75
PRM,22.04.2023,15:00,Leicester,Wolves,2,1,H,1,1,D,A Madley,15,16,8,3,17,16,1,7,1,3,0,0,2.38,3.3,3.0
PRM,23.04.2023,14:00,Newcastle,Tottenham,6,1,H,5,0,H,D Coote,25,11,8,3,7,13,9,3,0,3,0,0,1.83,3.75,4.2
PRM,25.04.2023,19:30,Wolves,Crystal Palace,2,0,H,1,0,H,R Jones,9,14,3,4,13,14,6,11,5,4,0,0,2.45,3.2,3.0
PRM,26.04.2023,19:30,Nott'm Forest,Brighton,3,1,H,1,1,D,J Gillett,12,17,5,7,7,8,2,7,2,0,0,0,6.0,4.2,1.53
PRM,26.04.2023,19:45,Chelsea,Brentford,0,2,A,0,1,A,A Madley,15,7,4,1,5,13,5,2,1,2,0,0,1.7,4.0,4.75
PRM,26.04.2023,19:45,West Ham,Liverpool,1,2,A,1,1,D,C Kavanagh,7,20,2,4,6,8,3,6,0,0,0,0,3.9,3.9,1.85
PRM,27.04.2023,19:45,Everton,Newcastle,1,4,A,0,1,A,A Marriner,13,15,5,8,8,6,3,14,2,1,0,0,4.75,3.6,1.73
PRM,27.04.2023,19:45,Southampton,Bournemouth,0,1,A,0,0,D,D England,11,16,2,2,9,11,6,4,0,3,0,0,2.25,3.4,3.2
PRM,29.04.2023,15:00,Brentford,Nott'm Forest,2,1,H,0,1,A,P Bankes,14,5,8,3,6,13,6,0,1,2,0,0,1.65,3.8,5.5
PRM,29.04.2023,15:00,Brighton,Wolves,6,0,H,4,0,H,D Coote,22,10,8,2,14,11,2,5,1,1,0,0,1.5,4.33,6.5
PRM,30.04.2023,14:00,Bournemouth,Leeds,4,1,H,2,1,H,C Kavanagh,12,15,7,6,12,14,2,6,1,0,0,0,2.55,3.5,2.7
PRM,30.04.2023,14:00,Fulham,Man City,1,2,A,1,2,A,S Hooper,4,12,1,9,9,10,2,5,1,3,0,0,12.0,6.0,1.25
PRM,30.04.2023,14:00,Man United,Aston Villa,1,0,H,1,0,H,J Gillett,14,7,6,1,16,7,1,4,2,0,0,0,1.73,3.9,4.6
PRM,02.05.2023,20:00,Arsenal,Chelsea,3,1,H,3,0,H,R Jones,16,7,10,4,10,10,7,2,0,2,0,0,1.6,4.0,5.5
PRM,03.05.2023,20:00,Man City,West Ham,3,0,H,0,0,D,J Brooks,16,6,7,2,8,8,6,3,0,1,0,0,1.2,7.0,13.0
PRM,04.05.2023,20:00,Brighton,Man United,1,0,H,0,0,D,A Marriner,22,16,6,5,10,14,8,6,4,4,0,0,1.95,3.5,3.75
PRM,06.05.2023,15:00,Bournemouth,Chelsea,1,3,A,1,1,D,J Brooks,10,11,4,5,9,11,7,7,1,3,0,0,3.3,3.5,2.15
PRM,06.05.2023,15:00,Man City,Leeds,2,1,H,2,0,H,A Madley,18,4,6,2,3,16,10,1,0,3,0,0,1.17,8.5,15.0
PRM,06.05.2023,15:00,Tottenham,Crystal Palace,1,0,H,1,0,H,D England,8,7,3,2,15,14,8,4,3,5,0,0,1.8,3.8,4.2
PRM,07.05.2023,16:30,Newcastle,Arsenal,0,2,A,0,1,A,C Kavanagh,12,10,5,6,16,12,9,4,2,1,0,0,2.45,3.75,2.63
PRM,07.05.2023,19:00,West Ham,Man United,1,0,H,1,0,H,P Bankes,15,19,4,4,4,9,5,6,0,2,0,0,3.4,3.75,2.05
PRM,08.05.2023,15:00,Fulham,Leicester,5,3,H,3,0,H,R Jones,17,18,7,9,13,15,2,7,0,3,0,0,2.63,3.5,2.6
PRM,08.05.2023,17:30,Brighton,Everton,1,5,A,0,3,A,S Hooper,23,10,5,5,11,13,15,1,1,5,0,0,1.33,5.25,9.0
PRM,13.05.2023,12:30,Leeds,Newcastle,2,2,D,1,1,D,S Hooper,9,18,4,5,16,14,2,6,3,2,1,0,4.33,4.2,1.7
PRM,13.05.2023,15:00,Aston Villa,Tottenham,2,1,H,1,0,H,P Bankes,8,5,4,2,9,14,8,3,3,3,0,0,2.25,3.6,2.9
PRM,13.05.2023,15:00,Crystal Palace,Bournemouth,2,0,H,1,0,H,M Salisbury,17,5,5,0,5,12,11,2,0,2,0,0,1.83,3.6,4.2
PRM,13.05.2023,15:00,Man United,Wolves,2,0,H,1,0,H,J Brooks,27,5,9,0,9,9,11,7,3,2,0,0,1.36,5.0,7.5
PRM,14.05.2023,16:30,Arsenal,Brighton,0,3,A,0,0,D,A Madley,14,12,2,6,13,17,5,2,1,2,0,0,1.73,4.2,4.2
PRM,18.05.2023,19:30,Newcastle,Brighton,4,1,H,2,0,H,R Jones,22,8,9,2,17,16,6,1,2,4,0,0,2.0,3.8,3.5
PRM,20.05.2023,12:30,Tottenham,Brentford,1,3,A,1,0,H,J Gillett,22,11,8,4,11,9,8,2,1,1,0,0,1.83,3.9,4.0
PRM,20.05.2023,15:00,Bournemouth,Man United,0,1,A,0,1,A,C Kavanagh,10,20,4,5,6,7,3,6,1,0,0,0,6.0,4.75,1.5
PRM,20.05.2023,15:00,Liverpool,Aston Villa,1,1,D,0,1,A,J Brooks,10,6,5,3,16,13,9,4,3,5,0,0,1.45,5.0,6.25
PRM,20.05.2023,15:00,Wolves,Everton,1,1,D,1,0,H,D Coote,13,19,5,4,18,10,1,7,5,1,0,0,2.75,3.3,2.6
PRM,21.05.2023,13:30,West Ham,Leeds,3,1,H,1,1,D,P Bankes,19,12,9,3,6,11,9,5,1,3,0,0,2.4,3.5,2.88
PRM,22.05.2023,20:00,Newcastle,Leicester,0,0,D,0,0,D,A Marriner,23,1,4,1,9,5,12,1,2,0,0,0,1.36,5.5,7.0
PRM,24.05.2023,20:00,Brighton,Man City,1,1,D,1,1,D,S Hooper,20,13,7,4,16,11,5,1,2,1,0,0,4.0,4.33,1.75
PRM,28.05.2023,16:30,Arsenal,Wolves,5,0,H,3,0,H,A Marriner,14,6,8,0,8,11,8,4,0,0,0,0,1.36,5.25,8.0
PRM,28.05.2023,16:30,Aston Villa,Brighton,2,1,H,2,1,H,D Coote,12,8,5,4,15,16,4,3,4,4,0,0,2.0,3.6,3.5
PRM,28.05.2023,16:30,Brentford,Man City,1,0,H,0,0,D,J Brooks,11,17,4,3,12,8,3,4,4,0,0,0,3.8,4.0,1.83
PRM,28.05.2023,16:30,Chelsea,Newcastle,1,1,D,1,1,D,J Gillett,22,13,5,4,9,11,10,3,0,0,0,0,2.9,3.5,2.38
PRM,28.05.2023,16:30,Leicester,West Ham,2,1,H,1,0,H,S Hooper,13,16,4,3,8,10,3,5,1,1,0,0,1.91,3.8,3.6
PRM,28.05.2023,16:30,Man United,Fulham,2,1,H,1,1,D,R Jones,21,10,8,3,14,10,5,4,1,2,0,0,1.5,4.33,6.0
PRM,28.05.2023,16:30,Southampton,Liverpool,4,4,D,2,2,D,D England,15,30,10,8,4,10,2,9,0,2,0,0,6.5,4.75,1.44
